/*
SQLyog Community v13.1.6 (64 bit)
MySQL - 10.4.6-MariaDB : Database - dbs_vue2
*********************************************************************
*/

/*!40101 SET NAMES utf8 */;

/*!40101 SET SQL_MODE=''*/;

/*!40014 SET @OLD_UNIQUE_CHECKS=@@UNIQUE_CHECKS, UNIQUE_CHECKS=0 */;
/*!40014 SET @OLD_FOREIGN_KEY_CHECKS=@@FOREIGN_KEY_CHECKS, FOREIGN_KEY_CHECKS=0 */;
/*!40101 SET @OLD_SQL_MODE=@@SQL_MODE, SQL_MODE='NO_AUTO_VALUE_ON_ZERO' */;
/*!40111 SET @OLD_SQL_NOTES=@@SQL_NOTES, SQL_NOTES=0 */;
CREATE DATABASE /*!32312 IF NOT EXISTS*/`dbs_vue2` /*!40100 DEFAULT CHARACTER SET latin1 */;

USE `dbs_vue2`;

/*Table structure for table `depots` */

DROP TABLE IF EXISTS `depots`;

CREATE TABLE `depots` (
  `id` int(10) unsigned NOT NULL AUTO_INCREMENT,
  `user_id` int(10) unsigned NOT NULL,
  `depot_location` varchar(191) COLLATE utf8mb4_unicode_ci NOT NULL,
  `created_at` timestamp NULL DEFAULT NULL,
  `updated_at` timestamp NULL DEFAULT NULL,
  PRIMARY KEY (`id`)
) ENGINE=InnoDB AUTO_INCREMENT=8 DEFAULT CHARSET=utf8mb4 COLLATE=utf8mb4_unicode_ci;

/*Data for the table `depots` */

insert  into `depots`(`id`,`user_id`,`depot_location`,`created_at`,`updated_at`) values 
(6,4,'aaa','2021-06-14 04:38:18','2021-06-14 04:38:18'),
(7,4,'bbb','2021-06-15 02:51:55','2021-06-15 02:51:55');

/*Table structure for table `dpd_reports` */

DROP TABLE IF EXISTS `dpd_reports`;

CREATE TABLE `dpd_reports` (
  `id` int(10) unsigned NOT NULL AUTO_INCREMENT,
  `user_id` int(10) unsigned NOT NULL,
  `driver_id` int(10) unsigned DEFAULT NULL,
  `dpdRoute` varchar(31) COLLATE utf8mb4_unicode_ci NOT NULL,
  `dpdPayment` varchar(10) COLLATE utf8mb4_unicode_ci DEFAULT NULL,
  `dpdStops` varchar(10) COLLATE utf8mb4_unicode_ci DEFAULT NULL,
  `dpdPayType` varchar(15) COLLATE utf8mb4_unicode_ci NOT NULL DEFAULT 'fixed',
  `dpdDate` varchar(16) COLLATE utf8mb4_unicode_ci NOT NULL,
  `created_at` timestamp NULL DEFAULT NULL,
  `updated_at` timestamp NULL DEFAULT NULL,
  PRIMARY KEY (`id`),
  KEY `dpd_reports_user_id_foreign` (`user_id`),
  CONSTRAINT `dpd_reports_user_id_foreign` FOREIGN KEY (`user_id`) REFERENCES `users` (`id`) ON DELETE CASCADE
) ENGINE=InnoDB AUTO_INCREMENT=3547 DEFAULT CHARSET=utf8mb4 COLLATE=utf8mb4_unicode_ci;

/*Data for the table `dpd_reports` */

insert  into `dpd_reports`(`id`,`user_id`,`driver_id`,`dpdRoute`,`dpdPayment`,`dpdStops`,`dpdPayType`,`dpdDate`,`created_at`,`updated_at`) values 
(3040,4,NULL,'FD8415',NULL,'136','fixed','2021-07-27',NULL,NULL),
(3041,4,NULL,'FD8415',NULL,'133','fixed','2021-07-28',NULL,NULL),
(3042,4,NULL,'FD8415',NULL,'106','fixed','2021-07-29',NULL,NULL),
(3043,4,NULL,'FD8415',NULL,'106','fixed','2021-07-30',NULL,NULL),
(3044,4,NULL,'FD8415',NULL,'124','fixed','2021-08-03',NULL,NULL),
(3045,4,NULL,'FD8415',NULL,'139','fixed','2021-08-04',NULL,NULL),
(3046,4,NULL,'FD8415',NULL,'146','fixed','2021-08-05',NULL,NULL),
(3047,4,NULL,'FD8415',NULL,'90','fixed','2021-08-06',NULL,NULL),
(3048,4,NULL,'FD8415',NULL,'87','fixed','2021-08-07',NULL,NULL),
(3049,4,NULL,'FD8415',NULL,'85','fixed','2021-08-09',NULL,NULL),
(3050,4,NULL,'FD8415',NULL,'151','fixed','2021-08-10',NULL,NULL),
(3051,4,NULL,'FD8415',NULL,'148','fixed','2021-08-11',NULL,NULL),
(3052,4,NULL,'FD8415',NULL,'106','fixed','2021-08-12',NULL,NULL),
(3053,4,NULL,'FD8415',NULL,'131','fixed','2021-08-13',NULL,NULL),
(3054,4,NULL,'FD8415',NULL,'79','fixed','2021-08-14',NULL,NULL),
(3055,4,NULL,'FD8415',NULL,'112','fixed','2021-08-17',NULL,NULL),
(3056,4,NULL,'FD8415',NULL,'112','fixed','2021-08-18',NULL,NULL),
(3057,4,NULL,'FD8415',NULL,'97','fixed','2021-08-19',NULL,NULL),
(3058,4,NULL,'FD8415',NULL,'92','fixed','2021-08-20',NULL,NULL),
(3059,4,NULL,'FD8415',NULL,'86','fixed','2021-08-21',NULL,NULL),
(3060,4,NULL,'FD21618',NULL,'88','fixed','2021-07-26',NULL,NULL),
(3061,4,NULL,'FD21618',NULL,'93','fixed','2021-07-27',NULL,NULL),
(3062,4,NULL,'FD21618',NULL,'71','fixed','2021-07-28',NULL,NULL),
(3063,4,NULL,'FD21618',NULL,'94','fixed','2021-07-29',NULL,NULL),
(3064,4,NULL,'FD21618',NULL,'85','fixed','2021-07-31',NULL,NULL),
(3065,4,NULL,'FD21618',NULL,'80','fixed','2021-07-30',NULL,NULL),
(3066,4,NULL,'FD21618',NULL,'104','fixed','2021-08-01',NULL,NULL),
(3067,4,NULL,'FD21618',NULL,'102','fixed','2021-08-02',NULL,NULL),
(3068,4,NULL,'FD21618',NULL,'119','fixed','2021-08-03',NULL,NULL),
(3069,4,NULL,'FD21618',NULL,'108','fixed','2021-08-04',NULL,NULL),
(3070,4,NULL,'FD21618',NULL,'110','fixed','2021-08-05',NULL,NULL),
(3071,4,NULL,'FD21618',NULL,'121','fixed','2021-08-06',NULL,NULL),
(3072,4,NULL,'FD21618',NULL,'93','fixed','2021-08-07',NULL,NULL),
(3073,4,NULL,'FD21618',NULL,'112','fixed','2021-08-08',NULL,NULL),
(3074,4,NULL,'FD21618',NULL,'72','fixed','2021-08-09',NULL,NULL),
(3075,4,NULL,'FD21618',NULL,'117','fixed','2021-08-10',NULL,NULL),
(3076,4,NULL,'FD21618',NULL,'115','fixed','2021-08-11',NULL,NULL),
(3077,4,NULL,'FD21618',NULL,'102','fixed','2021-08-12',NULL,NULL),
(3078,4,NULL,'FD21618',NULL,'74','fixed','2021-08-13',NULL,NULL),
(3079,4,NULL,'FD21618',NULL,'82','fixed','2021-08-14',NULL,NULL),
(3080,4,NULL,'FD21618',NULL,'72','fixed','2021-08-15',NULL,NULL),
(3081,4,NULL,'FD21618',NULL,'117','fixed','2021-08-16',NULL,NULL),
(3082,4,NULL,'FD21618',NULL,'92','fixed','2021-08-17',NULL,NULL),
(3083,4,NULL,'FD21618',NULL,'100','fixed','2021-08-18',NULL,NULL),
(3084,4,NULL,'FD21618',NULL,'77','fixed','2021-08-19',NULL,NULL),
(3085,4,NULL,'FD21618',NULL,'78','fixed','2021-08-20',NULL,NULL),
(3086,4,NULL,'FD21618',NULL,'96','fixed','2021-08-21',NULL,NULL),
(3087,4,NULL,'FD21618',NULL,'92','fixed','2021-08-22',NULL,NULL),
(3088,4,NULL,'FD24631',NULL,'102','fixed','2021-07-26',NULL,NULL),
(3089,4,NULL,'FD24631',NULL,'154','fixed','2021-07-27',NULL,NULL),
(3090,4,NULL,'FD24631',NULL,'118','fixed','2021-07-31',NULL,NULL),
(3091,4,NULL,'FD24631',NULL,'101','fixed','2021-08-02',NULL,NULL),
(3092,4,NULL,'FD24631',NULL,'143','fixed','2021-08-03',NULL,NULL),
(3093,4,NULL,'FD24631',NULL,'103','fixed','2021-08-04',NULL,NULL),
(3094,4,NULL,'FD24631',NULL,'56','fixed','2021-08-05',NULL,NULL),
(3095,4,NULL,'FD24631',NULL,'94','fixed','2021-08-06',NULL,NULL),
(3096,4,NULL,'FD24631',NULL,'107','fixed','2021-08-07',NULL,NULL),
(3097,4,NULL,'FD24631',NULL,'81','fixed','2021-08-08',NULL,NULL),
(3098,4,NULL,'FD24631',NULL,'101','fixed','2021-08-09',NULL,NULL),
(3099,4,NULL,'FD24631',NULL,'172','fixed','2021-08-10',NULL,NULL),
(3100,4,NULL,'FD24631',NULL,'83','fixed','2021-08-11',NULL,NULL),
(3101,4,NULL,'FD24631',NULL,'95','fixed','2021-08-12',NULL,NULL),
(3102,4,NULL,'FD24631',NULL,'96','fixed','2021-08-13',NULL,NULL),
(3103,4,NULL,'FD24631',NULL,'108','fixed','2021-08-14',NULL,NULL),
(3104,4,NULL,'FD24631',NULL,'76','fixed','2021-08-15',NULL,NULL),
(3105,4,NULL,'FD24631',NULL,'82','fixed','2021-08-16',NULL,NULL),
(3106,4,NULL,'FD24631',NULL,'132','fixed','2021-08-17',NULL,NULL),
(3107,4,NULL,'FD24631',NULL,'93','fixed','2021-08-18',NULL,NULL),
(3108,4,NULL,'FD24631',NULL,'88','fixed','2021-08-19',NULL,NULL),
(3109,4,NULL,'FD24631',NULL,'172','fixed','2021-08-20',NULL,NULL),
(3110,4,NULL,'FD24631',NULL,'101','fixed','2021-08-21',NULL,NULL),
(3111,4,NULL,'FD24631',NULL,'89','fixed','2021-08-22',NULL,NULL),
(3112,4,NULL,'FD24542',NULL,'131','fixed','2021-07-26',NULL,NULL),
(3113,4,NULL,'FD24542',NULL,'158','fixed','2021-07-27',NULL,NULL),
(3114,4,NULL,'FD24542',NULL,'117','fixed','2021-07-28',NULL,NULL),
(3115,4,NULL,'FD24542',NULL,'114','fixed','2021-07-29',NULL,NULL),
(3116,4,NULL,'FD24542',NULL,'108','fixed','2021-07-30',NULL,NULL),
(3117,4,NULL,'FD24542',NULL,'124','fixed','2021-08-02',NULL,NULL),
(3118,4,NULL,'FD24542',NULL,'129','fixed','2021-08-03',NULL,NULL),
(3119,4,NULL,'FD24542',NULL,'126','fixed','2021-08-04',NULL,NULL),
(3120,4,NULL,'FD24542',NULL,'100','fixed','2021-08-05',NULL,NULL),
(3121,4,NULL,'FD24542',NULL,'107','fixed','2021-08-06',NULL,NULL),
(3122,4,NULL,'FD24542',NULL,'131','fixed','2021-08-09',NULL,NULL),
(3123,4,NULL,'FD24542',NULL,'171','fixed','2021-08-10',NULL,NULL),
(3124,4,NULL,'FD24542',NULL,'133','fixed','2021-08-11',NULL,NULL),
(3125,4,NULL,'FD24542',NULL,'144','fixed','2021-08-12',NULL,NULL),
(3126,4,NULL,'FD24542',NULL,'115','fixed','2021-08-13',NULL,NULL),
(3127,4,NULL,'FD24542',NULL,'70','fixed','2021-08-15',NULL,NULL),
(3128,4,NULL,'FD24542',NULL,'118','fixed','2021-08-16',NULL,NULL),
(3129,4,NULL,'FD24542',NULL,'124','fixed','2021-08-17',NULL,NULL),
(3130,4,NULL,'FD24542',NULL,'112','fixed','2021-08-18',NULL,NULL),
(3131,4,NULL,'FD24542',NULL,'138','fixed','2021-08-19',NULL,NULL),
(3132,4,NULL,'FD24542',NULL,'128','fixed','2021-08-20',NULL,NULL),
(3133,4,NULL,'FD31837',NULL,'82','fixed','2021-07-26',NULL,NULL),
(3134,4,NULL,'FD31837',NULL,'182','fixed','2021-07-27',NULL,NULL),
(3135,4,NULL,'FD31837',NULL,'124','fixed','2021-07-28',NULL,NULL),
(3136,4,NULL,'FD31837',NULL,'157','fixed','2021-07-29',NULL,NULL),
(3137,4,NULL,'FD31837',NULL,'141','fixed','2021-07-30',NULL,NULL),
(3138,4,NULL,'FD31837',NULL,'104','fixed','2021-07-31',NULL,NULL),
(3139,4,NULL,'FD31837',NULL,'86','fixed','2021-08-02',NULL,NULL),
(3140,4,NULL,'FD31837',NULL,'161','fixed','2021-08-03',NULL,NULL),
(3141,4,NULL,'FD31837',NULL,'168','fixed','2021-08-04',NULL,NULL),
(3142,4,NULL,'FD31837',NULL,'142','fixed','2021-08-05',NULL,NULL),
(3143,4,NULL,'FD31837',NULL,'77','fixed','2021-08-06',NULL,NULL),
(3144,4,NULL,'FD31837',NULL,'107','fixed','2021-08-07',NULL,NULL),
(3145,4,NULL,'FD31837',NULL,'69','fixed','2021-08-09',NULL,NULL),
(3146,4,NULL,'FD31837',NULL,'114','fixed','2021-08-10',NULL,NULL),
(3147,4,NULL,'FD31837',NULL,'96','fixed','2021-08-11',NULL,NULL),
(3148,4,NULL,'FD31837',NULL,'5','fixed','2021-08-13',NULL,NULL),
(3149,4,NULL,'FD31837',NULL,'117','fixed','2021-08-14',NULL,NULL),
(3150,4,NULL,'FD31837',NULL,'96','fixed','2021-08-16',NULL,NULL),
(3151,4,NULL,'FD31837',NULL,'115','fixed','2021-08-17',NULL,NULL),
(3152,4,NULL,'FD31837',NULL,'97','fixed','2021-08-18',NULL,NULL),
(3153,4,NULL,'FD31837',NULL,'91','fixed','2021-08-20',NULL,NULL),
(3154,4,NULL,'FD31837',NULL,'117','fixed','2021-08-21',NULL,NULL),
(3155,4,NULL,'FD31856',NULL,'101','fixed','2021-07-28',NULL,NULL),
(3156,4,NULL,'FD31856',NULL,'97','fixed','2021-07-29',NULL,NULL),
(3157,4,NULL,'FD31856',NULL,'112','fixed','2021-07-30',NULL,NULL),
(3158,4,NULL,'FD31856',NULL,'94','fixed','2021-07-31',NULL,NULL),
(3159,4,NULL,'FD31856',NULL,'127','fixed','2021-08-04',NULL,NULL),
(3160,4,NULL,'FD31856',NULL,'123','fixed','2021-08-05',NULL,NULL),
(3161,4,NULL,'FD31856',NULL,'85','fixed','2021-08-06',NULL,NULL),
(3162,4,NULL,'FD31856',NULL,'122','fixed','2021-08-11',NULL,NULL),
(3163,4,NULL,'FD31856',NULL,'130','fixed','2021-08-12',NULL,NULL),
(3164,4,NULL,'FD31856',NULL,'123','fixed','2021-08-13',NULL,NULL),
(3165,4,NULL,'FD31856',NULL,'71','fixed','2021-08-17',NULL,NULL),
(3166,4,NULL,'FD31856',NULL,'101','fixed','2021-08-17',NULL,NULL),
(3167,4,NULL,'FD31856',NULL,'153','fixed','2021-08-18',NULL,NULL),
(3168,4,NULL,'FD31856',NULL,'104','fixed','2021-08-19',NULL,NULL),
(3169,4,NULL,'FD31856',NULL,'52','fixed','2021-08-22',NULL,NULL),
(3170,4,NULL,'FD31856',NULL,'78','fixed','2021-08-21',NULL,NULL),
(3171,4,NULL,'FD31856',NULL,'83','fixed','2021-08-22',NULL,NULL),
(3172,4,NULL,'FD33735',NULL,'71','fixed','2021-07-26',NULL,NULL),
(3173,4,NULL,'FD33735',NULL,'125','fixed','2021-07-27',NULL,NULL),
(3174,4,NULL,'FD33735',NULL,'104','fixed','2021-07-28',NULL,NULL),
(3175,4,NULL,'FD33735',NULL,'123','fixed','2021-07-29',NULL,NULL),
(3176,4,NULL,'FD33735',NULL,'74','fixed','2021-07-31',NULL,NULL),
(3177,4,NULL,'FD33735',NULL,'83','fixed','2021-08-01',NULL,NULL),
(3178,4,NULL,'FD33735',NULL,'93','fixed','2021-08-02',NULL,NULL),
(3179,4,NULL,'FD33735',NULL,'124','fixed','2021-08-03',NULL,NULL),
(3180,4,NULL,'FD33735',NULL,'126','fixed','2021-08-05',NULL,NULL),
(3181,4,NULL,'FD33735',NULL,'107','fixed','2021-08-06',NULL,NULL),
(3182,4,NULL,'FD33735',NULL,'91','fixed','2021-08-08',NULL,NULL),
(3183,4,NULL,'FD33735',NULL,'92','fixed','2021-08-09',NULL,NULL),
(3184,4,NULL,'FD33735',NULL,'89','fixed','2021-08-11',NULL,NULL),
(3185,4,NULL,'FD33735',NULL,'122','fixed','2021-08-12',NULL,NULL),
(3186,4,NULL,'FD33735',NULL,'86','fixed','2021-08-13',NULL,NULL),
(3187,4,NULL,'FD33735',NULL,'91','fixed','2021-08-15',NULL,NULL),
(3188,4,NULL,'FD33735',NULL,'59','fixed','2021-08-16',NULL,NULL),
(3189,4,NULL,'FD33735',NULL,'125','fixed','2021-08-17',NULL,NULL),
(3190,4,NULL,'FD33735',NULL,'118','fixed','2021-08-18',NULL,NULL),
(3191,4,NULL,'FD33735',NULL,'124','fixed','2021-08-19',NULL,NULL),
(3192,4,NULL,'FD33735',NULL,'131','fixed','2021-08-22',NULL,NULL),
(3193,4,NULL,'FD33735',NULL,'83','fixed','2021-08-20',NULL,NULL),
(3194,4,NULL,'FD33735',NULL,'64','fixed','2021-08-22',NULL,NULL),
(3195,4,NULL,'FD36252',NULL,'73','fixed','2021-07-28',NULL,NULL),
(3196,4,NULL,'FD36252',NULL,'97','fixed','2021-08-04',NULL,NULL),
(3197,4,NULL,'FD36252',NULL,'86','fixed','2021-08-10',NULL,NULL),
(3198,4,NULL,'FD36252',NULL,'74','fixed','2021-08-11',NULL,NULL),
(3199,4,NULL,'FD36252',NULL,'83','fixed','2021-08-12',NULL,NULL),
(3200,4,NULL,'FD36252',NULL,'115','fixed','2021-08-17',NULL,NULL),
(3201,4,NULL,'FD36252',NULL,'67','fixed','2021-08-17',NULL,NULL),
(3202,4,NULL,'FD39181',NULL,'86','fixed','2021-07-26',NULL,NULL),
(3203,4,NULL,'FD39181',NULL,'113','fixed','2021-07-27',NULL,NULL),
(3204,4,NULL,'FD39181',NULL,'107','fixed','2021-07-29',NULL,NULL),
(3205,4,NULL,'FD39181',NULL,'114','fixed','2021-07-30',NULL,NULL),
(3206,4,NULL,'FD39181',NULL,'108','fixed','2021-08-02',NULL,NULL),
(3207,4,NULL,'FD39181',NULL,'138','fixed','2021-08-03',NULL,NULL),
(3208,4,NULL,'FD39181',NULL,'112','fixed','2021-08-04',NULL,NULL),
(3209,4,NULL,'FD39181',NULL,'84','fixed','2021-08-05',NULL,NULL),
(3210,4,NULL,'FD39181',NULL,'39','fixed','2021-08-08',NULL,NULL),
(3211,4,NULL,'FD39181',NULL,'101','fixed','2021-08-09',NULL,NULL),
(3212,4,NULL,'FD39181',NULL,'116','fixed','2021-08-10',NULL,NULL),
(3213,4,NULL,'FD39181',NULL,'95','fixed','2021-08-12',NULL,NULL),
(3214,4,NULL,'FD39181',NULL,'94','fixed','2021-08-13',NULL,NULL),
(3215,4,NULL,'FD39181',NULL,'88','fixed','2021-08-16',NULL,NULL),
(3216,4,NULL,'FD39181',NULL,'76','fixed','2021-08-17',NULL,NULL),
(3217,4,NULL,'FD39180',NULL,'127','fixed','2021-07-26',NULL,NULL),
(3218,4,NULL,'FD39180',NULL,'103','fixed','2021-07-27',NULL,NULL),
(3219,4,NULL,'FD39180',NULL,'89','fixed','2021-07-28',NULL,NULL),
(3220,4,NULL,'FD39180',NULL,'93','fixed','2021-07-29',NULL,NULL),
(3221,4,NULL,'FD39180',NULL,'85','fixed','2021-07-30',NULL,NULL),
(3222,4,NULL,'FD39180',NULL,'130','fixed','2021-08-02',NULL,NULL),
(3223,4,NULL,'FD39180',NULL,'117','fixed','2021-08-03',NULL,NULL),
(3224,4,NULL,'FD39180',NULL,'119','fixed','2021-08-04',NULL,NULL),
(3225,4,NULL,'FD39180',NULL,'122','fixed','2021-08-05',NULL,NULL),
(3226,4,NULL,'FD39180',NULL,'117','fixed','2021-08-06',NULL,NULL),
(3227,4,NULL,'FD39180',NULL,'121','fixed','2021-08-09',NULL,NULL),
(3228,4,NULL,'FD39180',NULL,'118','fixed','2021-08-10',NULL,NULL),
(3229,4,NULL,'FD39180',NULL,'84','fixed','2021-08-11',NULL,NULL),
(3230,4,NULL,'FD39180',NULL,'99','fixed','2021-08-12',NULL,NULL),
(3231,4,NULL,'FD39180',NULL,'104','fixed','2021-08-13',NULL,NULL),
(3232,4,NULL,'FD39180',NULL,'82','fixed','2021-08-16',NULL,NULL),
(3233,4,NULL,'FD39180',NULL,'80','fixed','2021-08-19',NULL,NULL),
(3267,4,NULL,'FD8415',NULL,'105','fixed','2021-06-02',NULL,NULL),
(3268,4,NULL,'FD8415',NULL,'101','fixed','2021-06-04',NULL,NULL),
(3269,4,NULL,'FD8415',NULL,'106','fixed','2021-06-03',NULL,NULL),
(3270,4,NULL,'FD8415',NULL,'121','fixed','2021-06-07',NULL,NULL),
(3271,4,NULL,'FD8415',NULL,'91','fixed','2021-06-09',NULL,NULL),
(3272,4,NULL,'FD8415',NULL,'92','fixed','2021-06-10',NULL,NULL),
(3273,4,NULL,'FD8415',NULL,'100','fixed','2021-06-11',NULL,NULL),
(3274,4,NULL,'FD8415',NULL,'119','fixed','2021-06-15',NULL,NULL),
(3275,4,NULL,'FD8415',NULL,'95','fixed','2021-06-16',NULL,NULL),
(3276,4,NULL,'FD8415',NULL,'94','fixed','2021-06-18',NULL,NULL),
(3277,4,NULL,'FD8415',NULL,'33','fixed','2021-06-21',NULL,NULL),
(3278,4,NULL,'FD8415',NULL,'101','fixed','2021-06-22',NULL,NULL),
(3279,4,NULL,'FD8415',NULL,'80','fixed','2021-06-23',NULL,NULL),
(3280,4,NULL,'FD8415',NULL,'11','fixed','2021-06-24',NULL,NULL),
(3281,4,NULL,'FD8415',NULL,'101','fixed','2021-06-25',NULL,NULL),
(3282,4,NULL,'FD21618',NULL,'79','fixed','2021-05-31',NULL,NULL),
(3283,4,NULL,'FD21618',NULL,'119','fixed','2021-06-04',NULL,NULL),
(3284,4,NULL,'FD21618',NULL,'89','fixed','2021-06-05',NULL,NULL),
(3285,4,NULL,'FD21618',NULL,'105','fixed','2021-06-06',NULL,NULL),
(3286,4,NULL,'FD21618',NULL,'76','fixed','2021-06-07',NULL,NULL),
(3287,4,NULL,'FD21618',NULL,'71','fixed','2021-06-08',NULL,NULL),
(3288,4,NULL,'FD21618',NULL,'89','fixed','2021-06-10',NULL,NULL),
(3289,4,NULL,'FD21618',NULL,'65','fixed','2021-06-09',NULL,NULL),
(3290,4,NULL,'FD21618',NULL,'88','fixed','2021-06-11',NULL,NULL),
(3291,4,NULL,'FD21618',NULL,'93','fixed','2021-06-12',NULL,NULL),
(3292,4,NULL,'FD21618',NULL,'110','fixed','2021-06-13',NULL,NULL),
(3293,4,NULL,'FD21618',NULL,'81','fixed','2021-06-14',NULL,NULL),
(3294,4,NULL,'FD21618',NULL,'87','fixed','2021-06-16',NULL,NULL),
(3295,4,NULL,'FD21618',NULL,'92','fixed','2021-06-19',NULL,NULL),
(3296,4,NULL,'FD21618',NULL,'110','fixed','2021-06-20',NULL,NULL),
(3297,4,NULL,'FD21618',NULL,'108','fixed','2021-06-25',NULL,NULL),
(3298,4,NULL,'FD21618',NULL,'97','fixed','2021-06-26',NULL,NULL),
(3299,4,NULL,'FD21618',NULL,'107','fixed','2021-06-27',NULL,NULL),
(3300,4,NULL,'FD24631',NULL,'101','fixed','2021-06-01',NULL,NULL),
(3301,4,NULL,'FD24631',NULL,'128','fixed','2021-06-02',NULL,NULL),
(3302,4,NULL,'FD24631',NULL,'122','fixed','2021-06-03',NULL,NULL),
(3303,4,NULL,'FD24631',NULL,'111','fixed','2021-06-05',NULL,NULL),
(3304,4,NULL,'FD24631',NULL,'100','fixed','2021-06-06',NULL,NULL),
(3305,4,NULL,'FD24631',NULL,'120','fixed','2021-06-08',NULL,NULL),
(3306,4,NULL,'FD24631',NULL,'107','fixed','2021-06-09',NULL,NULL),
(3307,4,NULL,'FD24631',NULL,'117','fixed','2021-06-10',NULL,NULL),
(3308,4,NULL,'FD24631',NULL,'101','fixed','2021-06-11',NULL,NULL),
(3309,4,NULL,'FD24631',NULL,'102','fixed','2021-06-12',NULL,NULL),
(3310,4,NULL,'FD24631',NULL,'85','fixed','2021-06-13',NULL,NULL),
(3311,4,NULL,'FD24631',NULL,'15','fixed','2021-06-14',NULL,NULL),
(3312,4,NULL,'FD24631',NULL,'119','fixed','2021-06-15',NULL,NULL),
(3313,4,NULL,'FD24631',NULL,'121','fixed','2021-06-16',NULL,NULL),
(3314,4,NULL,'FD24631',NULL,'119','fixed','2021-06-17',NULL,NULL),
(3315,4,NULL,'FD24631',NULL,'112','fixed','2021-06-18',NULL,NULL),
(3316,4,NULL,'FD24631',NULL,'108','fixed','2021-06-19',NULL,NULL),
(3317,4,NULL,'FD24631',NULL,'79','fixed','2021-06-20',NULL,NULL),
(3318,4,NULL,'FD24631',NULL,'118','fixed','2021-06-22',NULL,NULL),
(3319,4,NULL,'FD24631',NULL,'106','fixed','2021-06-23',NULL,NULL),
(3320,4,NULL,'FD24631',NULL,'125','fixed','2021-06-24',NULL,NULL),
(3321,4,NULL,'FD24631',NULL,'107','fixed','2021-06-26',NULL,NULL),
(3322,4,NULL,'FD24631',NULL,'111','fixed','2021-06-27',NULL,NULL),
(3323,4,NULL,'FD24542',NULL,'89','fixed','2021-06-02',NULL,NULL),
(3324,4,NULL,'FD24542',NULL,'123','fixed','2021-06-03',NULL,NULL),
(3325,4,NULL,'FD24542',NULL,'97','fixed','2021-06-04',NULL,NULL),
(3326,4,NULL,'FD24542',NULL,'114','fixed','2021-06-07',NULL,NULL),
(3327,4,NULL,'FD24542',NULL,'8','fixed','2021-06-08',NULL,NULL),
(3328,4,NULL,'FD24542',NULL,'77','fixed','2021-06-09',NULL,NULL),
(3329,4,NULL,'FD24542',NULL,'96','fixed','2021-06-11',NULL,NULL),
(3330,4,NULL,'FD24542',NULL,'110','fixed','2021-06-14',NULL,NULL),
(3331,4,NULL,'FD24542',NULL,'120','fixed','2021-06-16',NULL,NULL),
(3332,4,NULL,'FD24542',NULL,'95','fixed','2021-06-18',NULL,NULL),
(3333,4,NULL,'FD24542',NULL,'37','fixed','2021-06-19',NULL,NULL),
(3334,4,NULL,'FD24542',NULL,'103','fixed','2021-06-21',NULL,NULL),
(3335,4,NULL,'FD24542',NULL,'126','fixed','2021-06-23',NULL,NULL),
(3336,4,NULL,'FD24542',NULL,'94','fixed','2021-06-24',NULL,NULL),
(3337,4,NULL,'FD24542',NULL,'108','fixed','2021-06-25',NULL,NULL),
(3338,4,NULL,'FD31837',NULL,'92','fixed','2021-06-01',NULL,NULL),
(3339,4,NULL,'FD31837',NULL,'85','fixed','2021-06-02',NULL,NULL),
(3340,4,NULL,'FD31837',NULL,'70','fixed','2021-06-04',NULL,NULL),
(3341,4,NULL,'FD31837',NULL,'103','fixed','2021-06-08',NULL,NULL),
(3342,4,NULL,'FD31837',NULL,'96','fixed','2021-06-07',NULL,NULL),
(3343,4,NULL,'FD31837',NULL,'112','fixed','2021-06-11',NULL,NULL),
(3344,4,NULL,'FD31837',NULL,'119','fixed','2021-06-14',NULL,NULL),
(3345,4,NULL,'FD31837',NULL,'117','fixed','2021-06-15',NULL,NULL),
(3346,4,NULL,'FD31837',NULL,'86','fixed','2021-06-18',NULL,NULL),
(3347,4,NULL,'FD31837',NULL,'108','fixed','2021-06-21',NULL,NULL),
(3348,4,NULL,'FD31837',NULL,'121','fixed','2021-06-22',NULL,NULL),
(3349,4,NULL,'FD31837',NULL,'131','fixed','2021-06-25',NULL,NULL),
(3350,4,NULL,'FD31856',NULL,'94','fixed','2021-06-01',NULL,NULL),
(3351,4,NULL,'FD31856',NULL,'100','fixed','2021-06-02',NULL,NULL),
(3352,4,NULL,'FD31856',NULL,'118','fixed','2021-06-03',NULL,NULL),
(3353,4,NULL,'FD31856',NULL,'94','fixed','2021-06-04',NULL,NULL),
(3354,4,NULL,'FD31856',NULL,'108','fixed','2021-06-08',NULL,NULL),
(3355,4,NULL,'FD31856',NULL,'105','fixed','2021-06-11',NULL,NULL),
(3356,4,NULL,'FD31856',NULL,'89','fixed','2021-06-10',NULL,NULL),
(3357,4,NULL,'FD31856',NULL,'89','fixed','2021-06-12',NULL,NULL),
(3358,4,NULL,'FD31856',NULL,'10','fixed','2021-06-14',NULL,NULL),
(3359,4,NULL,'FD31856',NULL,'112','fixed','2021-06-15',NULL,NULL),
(3360,4,NULL,'FD31856',NULL,'92','fixed','2021-06-17',NULL,NULL),
(3361,4,NULL,'FD31856',NULL,'118','fixed','2021-06-18',NULL,NULL),
(3362,4,NULL,'FD31856',NULL,'114','fixed','2021-06-19',NULL,NULL),
(3363,4,NULL,'FD31856',NULL,'109','fixed','2021-06-22',NULL,NULL),
(3364,4,NULL,'FD31856',NULL,'111','fixed','2021-06-24',NULL,NULL),
(3365,4,NULL,'FD31856',NULL,'104','fixed','2021-06-25',NULL,NULL),
(3366,4,NULL,'FD31856',NULL,'103','fixed','2021-06-26',NULL,NULL),
(3367,4,NULL,'FD33735',NULL,'13','fixed','2021-06-01',NULL,NULL),
(3368,4,NULL,'FD33735',NULL,'103','fixed','2021-06-02',NULL,NULL),
(3369,4,NULL,'FD33735',NULL,'107','fixed','2021-06-03',NULL,NULL),
(3370,4,NULL,'FD33735',NULL,'89','fixed','2021-06-04',NULL,NULL),
(3371,4,NULL,'FD33735',NULL,'75','fixed','2021-06-05',NULL,NULL),
(3372,4,NULL,'FD33735',NULL,'80','fixed','2021-06-06',NULL,NULL),
(3373,4,NULL,'FD33735',NULL,'107','fixed','2021-06-07',NULL,NULL),
(3374,4,NULL,'FD33735',NULL,'103','fixed','2021-06-08',NULL,NULL),
(3375,4,NULL,'FD33735',NULL,'111','fixed','2021-06-09',NULL,NULL),
(3376,4,NULL,'FD33735',NULL,'102','fixed','2021-06-10',NULL,NULL),
(3377,4,NULL,'FD33735',NULL,'85','fixed','2021-06-12',NULL,NULL),
(3378,4,NULL,'FD33735',NULL,'80','fixed','2021-06-13',NULL,NULL),
(3379,4,NULL,'FD33735',NULL,'96','fixed','2021-06-14',NULL,NULL),
(3380,4,NULL,'FD33735',NULL,'18','fixed','2021-06-15',NULL,NULL),
(3381,4,NULL,'FD33735',NULL,'77','fixed','2021-06-16',NULL,NULL),
(3382,4,NULL,'FD33735',NULL,'82','fixed','2021-06-19',NULL,NULL),
(3383,4,NULL,'FD33735',NULL,'77','fixed','2021-06-20',NULL,NULL),
(3384,4,NULL,'FD33735',NULL,'112','fixed','2021-06-21',NULL,NULL),
(3385,4,NULL,'FD33735',NULL,'98','fixed','2021-06-23',NULL,NULL),
(3386,4,NULL,'FD33735',NULL,'85','fixed','2021-06-26',NULL,NULL),
(3387,4,NULL,'FD33735',NULL,'92','fixed','2021-06-27',NULL,NULL),
(3388,4,NULL,'FD36252',NULL,'84','fixed','2021-06-02',NULL,NULL),
(3389,4,NULL,'FD36252',NULL,'125','fixed','2021-06-03',NULL,NULL),
(3390,4,NULL,'FD36252',NULL,'82','fixed','2021-06-08',NULL,NULL),
(3391,4,NULL,'FD36252',NULL,'79','fixed','2021-06-09',NULL,NULL),
(3392,4,NULL,'FD36252',NULL,'88','fixed','2021-06-10',NULL,NULL),
(3393,4,NULL,'FD36252',NULL,'89','fixed','2021-06-11',NULL,NULL),
(3394,4,NULL,'FD36252',NULL,'105','fixed','2021-06-15',NULL,NULL),
(3395,4,NULL,'FD36252',NULL,'106','fixed','2021-06-17',NULL,NULL),
(3396,4,NULL,'FD36252',NULL,'96','fixed','2021-06-22',NULL,NULL),
(3397,4,NULL,'FD36252',NULL,'73','fixed','2021-06-23',NULL,NULL),
(3398,4,NULL,'FD39181',NULL,'15','fixed','2021-06-01',NULL,NULL),
(3399,4,NULL,'FD39181',NULL,'110','fixed','2021-06-04',NULL,NULL),
(3400,4,NULL,'FD39181',NULL,'112','fixed','2021-06-09',NULL,NULL),
(3401,4,NULL,'FD39181',NULL,'107','fixed','2021-06-10',NULL,NULL),
(3402,4,NULL,'FD39181',NULL,'113','fixed','2021-06-11',NULL,NULL),
(3403,4,NULL,'FD39181',NULL,'86','fixed','2021-06-17',NULL,NULL),
(3404,4,NULL,'FD39181',NULL,'117','fixed','2021-06-18',NULL,NULL),
(3405,4,NULL,'FD39181',NULL,'125','fixed','2021-06-21',NULL,NULL),
(3406,4,NULL,'FD39181',NULL,'57','fixed','2021-06-22',NULL,NULL),
(3407,4,NULL,'FD39181',NULL,'16','fixed','2021-06-25',NULL,NULL),
(3408,4,NULL,'FD39180',NULL,'117','fixed','2021-05-31',NULL,NULL),
(3409,4,NULL,'FD39180',NULL,'88','fixed','2021-06-01',NULL,NULL),
(3410,4,NULL,'FD39180',NULL,'118','fixed','2021-06-02',NULL,NULL),
(3411,4,NULL,'FD39180',NULL,'111','fixed','2021-06-03',NULL,NULL),
(3412,4,NULL,'FD39180',NULL,'96','fixed','2021-06-07',NULL,NULL),
(3413,4,NULL,'FD39180',NULL,'100','fixed','2021-06-08',NULL,NULL),
(3414,4,NULL,'FD39180',NULL,'86','fixed','2021-06-09',NULL,NULL),
(3415,4,NULL,'FD39180',NULL,'95','fixed','2021-06-10',NULL,NULL),
(3416,4,NULL,'FD39180',NULL,'83','fixed','2021-06-14',NULL,NULL),
(3417,4,NULL,'FD39180',NULL,'114','fixed','2021-06-15',NULL,NULL),
(3418,4,NULL,'FD39180',NULL,'107','fixed','2021-06-16',NULL,NULL),
(3419,4,NULL,'FD39180',NULL,'97','fixed','2021-06-17',NULL,NULL),
(3420,4,NULL,'FD39180',NULL,'119','fixed','2021-06-18',NULL,NULL),
(3421,4,NULL,'FD39180',NULL,'89','fixed','2021-06-21',NULL,NULL),
(3422,4,NULL,'FD39180',NULL,'130','fixed','2021-06-22',NULL,NULL),
(3423,4,NULL,'FD39180',NULL,'100','fixed','2021-06-23',NULL,NULL),
(3424,4,NULL,'FD39180',NULL,'96','fixed','2021-06-24',NULL,NULL),
(3431,4,NULL,'FD8415',NULL,'134','fixed','2021-08-24','2021-08-29 18:58:51','2021-08-29 18:58:51'),
(3432,4,NULL,'FD8415',NULL,'187','fixed','2021-08-25','2021-08-29 18:58:51','2021-08-29 18:58:51'),
(3433,4,NULL,'FD8415',NULL,'115','fixed','2021-08-26','2021-08-29 18:58:51','2021-08-29 18:58:51'),
(3434,4,NULL,'FD8415',NULL,'106','fixed','2021-08-27','2021-08-29 18:58:51','2021-08-29 18:58:51'),
(3436,4,NULL,'FD21618',NULL,'103','fixed','2021-08-23','2021-08-29 18:58:51','2021-08-29 18:58:51'),
(3437,4,NULL,'FD21618',NULL,'116','fixed','2021-08-24','2021-08-29 18:58:51','2021-08-29 18:58:51'),
(3438,4,NULL,'FD21618',NULL,'102','fixed','2021-08-25','2021-08-29 18:58:52','2021-08-29 18:58:52'),
(3439,4,NULL,'FD21618',NULL,'107','fixed','2021-08-26','2021-08-29 18:58:52','2021-08-29 18:58:52'),
(3440,4,NULL,'FD21618',NULL,'78','fixed','2021-08-27','2021-08-29 18:58:52','2021-08-29 18:58:52'),
(3442,4,NULL,'FD24631',NULL,'74','fixed','2021-08-23','2021-08-29 18:58:52','2021-08-29 18:58:52'),
(3443,4,NULL,'FD24631',NULL,'122','fixed','2021-08-24','2021-08-29 18:58:52','2021-08-29 18:58:52'),
(3444,4,NULL,'FD24631',NULL,'114','fixed','2021-08-25','2021-08-29 18:58:52','2021-08-29 18:58:52'),
(3445,4,NULL,'FD24631',NULL,'104','fixed','2021-08-26','2021-08-29 18:58:53','2021-08-29 18:58:53'),
(3446,4,NULL,'FD24631',NULL,'98','fixed','2021-08-27','2021-08-29 18:58:53','2021-08-29 18:58:53'),
(3448,4,NULL,'FD24542',NULL,'114','fixed','2021-08-23','2021-08-29 18:58:53','2021-08-29 18:58:53'),
(3449,4,NULL,'FD24542',NULL,'142','fixed','2021-08-24','2021-08-29 18:58:53','2021-08-29 18:58:53'),
(3450,4,NULL,'FD24542',NULL,'128','fixed','2021-08-25','2021-08-29 18:58:53','2021-08-29 18:58:53'),
(3451,4,NULL,'FD24542',NULL,'138','fixed','2021-08-26','2021-08-29 18:58:53','2021-08-29 18:58:53'),
(3452,4,NULL,'FD24542',NULL,'138','fixed','2021-08-27','2021-08-29 18:58:53','2021-08-29 18:58:53'),
(3454,4,NULL,'FD31837',NULL,'87','fixed','2021-08-23','2021-08-29 18:58:54','2021-08-29 18:58:54'),
(3455,4,NULL,'FD31837',NULL,'65','fixed','2021-08-24','2021-08-29 18:58:54','2021-08-29 18:58:54'),
(3456,4,NULL,'FD31837',NULL,'85','fixed','2021-08-25','2021-08-29 18:58:55','2021-08-29 18:58:55'),
(3457,4,NULL,'FD31837',NULL,'97','fixed','2021-08-27','2021-08-29 18:58:55','2021-08-29 18:58:55'),
(3459,4,NULL,'FD31856',NULL,'107','fixed','2021-08-24','2021-08-29 18:58:56','2021-08-29 18:58:56'),
(3460,4,NULL,'FD31856',NULL,'184','fixed','2021-08-25','2021-08-29 18:58:56','2021-08-29 18:58:56'),
(3461,4,NULL,'FD31856',NULL,'137','fixed','2021-08-26','2021-08-29 18:58:56','2021-08-29 18:58:56'),
(3462,4,NULL,'FD31856',NULL,'168','fixed','2021-08-27','2021-08-29 18:58:56','2021-08-29 18:58:56'),
(3464,4,NULL,'FD33735',NULL,'90','fixed','2021-08-23','2021-08-29 18:58:57','2021-08-29 18:58:57'),
(3465,4,NULL,'FD33735',NULL,'91','fixed','2021-08-24','2021-08-29 18:58:57','2021-08-29 18:58:57'),
(3466,4,NULL,'FD33735',NULL,'108','fixed','2021-08-25','2021-08-29 18:58:57','2021-08-29 18:58:57'),
(3467,4,NULL,'FD33735',NULL,'113','fixed','2021-08-26','2021-08-29 18:58:58','2021-08-29 18:58:58'),
(3468,4,NULL,'FD33735',NULL,'85','fixed','2021-08-27','2021-08-29 18:58:58','2021-08-29 18:58:58'),
(3469,4,NULL,'FD39181',NULL,'93','fixed','2021-08-24','2021-08-29 18:58:59','2021-08-29 18:58:59'),
(3470,4,NULL,'FD39181',NULL,'106','fixed','2021-08-26','2021-08-29 18:58:59','2021-08-29 18:58:59'),
(3471,4,NULL,'FD39180',NULL,'110','fixed','2021-08-23','2021-08-29 18:59:00','2021-08-29 18:59:00'),
(3472,4,NULL,'FD39180',NULL,'94','fixed','2021-08-24','2021-08-29 18:59:00','2021-08-29 18:59:00'),
(3479,4,37,'FD8415','1.11','54','fixed','2021-08-28','2021-09-05 10:53:03','2021-09-05 10:53:03'),
(3480,4,38,'FD21618','2.22','48','fixed','2021-08-28','2021-09-05 10:53:04','2021-09-05 10:53:04'),
(3481,4,39,'FD24631','3.33','113','fixed','2021-08-28','2021-09-05 10:53:04','2021-09-05 10:53:04'),
(3482,4,36,'FD24542','1.00','89','fixed','2021-08-28','2021-09-05 10:53:04','2021-09-05 10:53:04'),
(3483,4,34,'FD31837','2.00','131','fixed','2021-08-28','2021-09-05 10:53:04','2021-09-05 10:53:04'),
(3484,4,32,'FD31856','0.00','119','fixed','2021-08-28','2021-09-05 10:53:04','2021-09-05 10:53:04'),
(3485,4,NULL,'FD8415',NULL,'133','fixed','2021-08-30','2021-09-07 12:17:54','2021-09-07 12:17:54'),
(3486,4,NULL,'FD8415',NULL,'83','fixed','2021-08-31','2021-09-07 12:17:54','2021-09-07 12:17:54'),
(3487,4,NULL,'FD8415',NULL,'132','fixed','2021-09-01','2021-09-07 12:17:54','2021-09-07 12:17:54'),
(3488,4,NULL,'FD8415',NULL,'123','fixed','2021-09-02','2021-09-07 12:17:54','2021-09-07 12:17:54'),
(3489,4,NULL,'FD8415',NULL,'118','fixed','2021-09-03','2021-09-07 12:17:54','2021-09-07 12:17:54'),
(3490,4,NULL,'FD8415',NULL,'71','fixed','2021-09-04','2021-09-07 12:17:55','2021-09-07 12:17:55'),
(3491,4,NULL,'FD21618',NULL,'105','fixed','2021-08-29','2021-09-07 12:17:55','2021-09-07 12:17:55'),
(3492,4,NULL,'FD21618',NULL,'105','fixed','2021-08-31','2021-09-07 12:17:55','2021-09-07 12:17:55'),
(3493,4,NULL,'FD21618',NULL,'109','fixed','2021-09-01','2021-09-07 12:17:56','2021-09-07 12:17:56'),
(3494,4,NULL,'FD21618',NULL,'114','fixed','2021-09-02','2021-09-07 12:17:56','2021-09-07 12:17:56'),
(3495,4,NULL,'FD21618',NULL,'76','fixed','2021-09-03','2021-09-07 12:17:56','2021-09-07 12:17:56'),
(3496,4,NULL,'FD21618',NULL,'91','fixed','2021-09-05','2021-09-07 12:17:56','2021-09-07 12:17:56'),
(3499,4,NULL,'FD24631',NULL,'96','fixed','2021-08-29','2021-09-07 12:17:56','2021-09-07 12:17:56'),
(3500,4,NULL,'FD24631',NULL,'133','fixed','2021-08-30','2021-09-07 12:17:57','2021-09-07 12:17:57'),
(3501,4,NULL,'FD24631',NULL,'107','fixed','2021-08-31','2021-09-07 12:17:57','2021-09-07 12:17:57'),
(3502,4,NULL,'FD24631',NULL,'126','fixed','2021-09-01','2021-09-07 12:17:57','2021-09-07 12:17:57'),
(3503,4,NULL,'FD24631',NULL,'120','fixed','2021-09-02','2021-09-07 12:17:57','2021-09-07 12:17:57'),
(3504,4,NULL,'FD24631',NULL,'99','fixed','2021-09-03','2021-09-07 12:17:57','2021-09-07 12:17:57'),
(3505,4,NULL,'FD24631',NULL,'104','fixed','2021-09-04','2021-09-07 12:17:57','2021-09-07 12:17:57'),
(3506,4,NULL,'FD24631',NULL,'96','fixed','2021-09-05','2021-09-07 12:17:57','2021-09-07 12:17:57'),
(3508,4,NULL,'FD24542',NULL,'117','fixed','2021-08-31','2021-09-07 12:17:58','2021-09-07 12:17:58'),
(3509,4,NULL,'FD24542',NULL,'129','fixed','2021-09-01','2021-09-07 12:17:58','2021-09-07 12:17:58'),
(3510,4,NULL,'FD24542',NULL,'144','fixed','2021-09-02','2021-09-07 12:17:58','2021-09-07 12:17:58'),
(3511,4,NULL,'FD24542',NULL,'135','fixed','2021-09-03','2021-09-07 12:17:58','2021-09-07 12:17:58'),
(3513,4,NULL,'FD31837',NULL,'141','fixed','2021-09-01','2021-09-07 12:17:59','2021-09-07 12:17:59'),
(3514,4,NULL,'FD31837',NULL,'114','fixed','2021-09-02','2021-09-07 12:17:59','2021-09-07 12:17:59'),
(3515,4,NULL,'FD31837',NULL,'103','fixed','2021-09-03','2021-09-07 12:17:59','2021-09-07 12:17:59'),
(3516,4,NULL,'FD31837',NULL,'118','fixed','2021-09-04','2021-09-07 12:17:59','2021-09-07 12:17:59'),
(3517,4,NULL,'FD31856',NULL,'82','fixed','2021-08-29','2021-09-07 12:18:01','2021-09-07 12:18:01'),
(3518,4,NULL,'FD31856',NULL,'76','fixed','2021-08-31','2021-09-07 12:18:01','2021-09-07 12:18:01'),
(3519,4,NULL,'FD31856',NULL,'150','fixed','2021-09-01','2021-09-07 12:18:01','2021-09-07 12:18:01'),
(3520,4,NULL,'FD31856',NULL,'108','fixed','2021-09-02','2021-09-07 12:18:01','2021-09-07 12:18:01'),
(3521,4,NULL,'FD31856',NULL,'100','fixed','2021-09-03','2021-09-07 12:18:01','2021-09-07 12:18:01'),
(3522,4,NULL,'FD31856',NULL,'121','fixed','2021-09-04','2021-09-07 12:18:01','2021-09-07 12:18:01'),
(3523,4,NULL,'FD31856',NULL,'86','fixed','2021-09-05','2021-09-07 12:18:01','2021-09-07 12:18:01'),
(3525,4,NULL,'FD33735',NULL,'100','fixed','2021-08-29','2021-09-07 12:18:02','2021-09-07 12:18:02'),
(3526,4,NULL,'FD33735',NULL,'77','fixed','2021-08-31','2021-09-07 12:18:02','2021-09-07 12:18:02'),
(3527,4,NULL,'FD33735',NULL,'150','fixed','2021-09-01','2021-09-07 12:18:02','2021-09-07 12:18:02'),
(3528,4,NULL,'FD33735',NULL,'93','fixed','2021-09-03','2021-09-07 12:18:02','2021-09-07 12:18:02'),
(3529,4,NULL,'FD33735',NULL,'66','fixed','2021-09-05','2021-09-07 12:18:02','2021-09-07 12:18:02'),
(3531,4,NULL,'FD36252',NULL,'0','fixed','2021-09-04','2021-09-07 12:18:03','2021-09-07 12:18:03'),
(3532,4,NULL,'FD39181',NULL,'98','fixed','2021-08-30','2021-09-07 12:18:04','2021-09-07 12:18:04'),
(3533,4,NULL,'FD39181',NULL,'167','fixed','2021-09-01','2021-09-07 12:18:04','2021-09-07 12:18:04'),
(3534,4,NULL,'FD39181',NULL,'105','fixed','2021-09-03','2021-09-07 12:18:04','2021-09-07 12:18:04'),
(3535,4,NULL,'FD39180',NULL,'97','fixed','2021-08-30','2021-09-07 12:18:05','2021-09-07 12:18:05'),
(3536,4,NULL,'FD39180',NULL,'8','fixed','2021-08-31','2021-09-07 12:18:05','2021-09-07 12:18:05'),
(3537,4,NULL,'FD39180',NULL,'150','fixed','2021-09-02','2021-09-07 12:18:05','2021-09-07 12:18:05'),
(3538,4,NULL,'FD39180',NULL,'119','fixed','2021-09-03','2021-09-07 12:18:05','2021-09-07 12:18:05'),
(3540,4,41,'FD21618','5555.00','82','fixed','2021-09-06','2021-10-12 19:32:57','2021-10-12 19:32:57'),
(3541,4,42,'FD21618','34299.00','103','fixed','2021-09-06','2021-10-12 19:32:57','2021-10-12 19:32:57'),
(3542,4,15,'FD24631','333.00','100','fixed','2021-09-06','2021-10-12 19:32:57','2021-10-12 19:32:57'),
(3543,4,36,'FD24542','100.00','123','fixed','2021-09-06','2021-10-12 19:32:57','2021-10-12 19:32:57'),
(3544,4,45,'FD31856','65268.00','98','fixed','2021-09-06','2021-10-12 19:32:57','2021-10-12 19:32:57'),
(3545,4,32,'FD33735',NULL,'97','fixed','2021-09-06','2021-10-12 19:32:57','2021-10-12 19:32:57'),
(3546,4,32,'FD39180',NULL,'93','fixed','2021-09-06','2021-10-12 19:32:57','2021-10-12 19:32:57');

/*Table structure for table `driver_services` */

DROP TABLE IF EXISTS `driver_services`;

CREATE TABLE `driver_services` (
  `id` int(10) unsigned NOT NULL AUTO_INCREMENT,
  `user_id` int(10) unsigned NOT NULL,
  `fleet_id` int(10) unsigned NOT NULL,
  `service_date` varchar(191) COLLATE utf8mb4_unicode_ci NOT NULL,
  `service_mileage` varchar(31) COLLATE utf8mb4_unicode_ci NOT NULL,
  `service_comments` varchar(191) COLLATE utf8mb4_unicode_ci NOT NULL,
  `next_service_mileage` varchar(31) COLLATE utf8mb4_unicode_ci NOT NULL,
  `service_reminder` tinyint(1) NOT NULL DEFAULT 0,
  `tyres` tinyint(1) DEFAULT 0,
  `oil` tinyint(1) DEFAULT 0,
  `is_first` tinyint(1) DEFAULT NULL,
  `created_at` timestamp NULL DEFAULT NULL,
  `updated_at` timestamp NULL DEFAULT NULL,
  PRIMARY KEY (`id`)
) ENGINE=InnoDB AUTO_INCREMENT=15 DEFAULT CHARSET=utf8mb4 COLLATE=utf8mb4_unicode_ci;

/*Data for the table `driver_services` */

insert  into `driver_services`(`id`,`user_id`,`fleet_id`,`service_date`,`service_mileage`,`service_comments`,`next_service_mileage`,`service_reminder`,`tyres`,`oil`,`is_first`,`created_at`,`updated_at`) values 
(2,4,3,'2021-09-23','4','asdfasdfasfd','55',1,0,0,1,'2021-09-21 16:44:37','2021-09-22 19:41:19'),
(3,4,3,'2021-09-23','29','asdfasdfasfd','55',1,0,0,1,'2021-09-21 16:47:28','2021-09-22 18:40:43'),
(4,4,5,'2021-09-30','2','sdfsdfsdf','50',1,0,0,1,'2021-09-22 20:25:40','2021-09-22 20:25:40'),
(5,4,5,'2021-09-30','4','sdfsdfsdf','580',1,1,0,1,'2021-09-23 03:04:13','2021-09-23 18:26:56'),
(11,4,5,'2021-09-30','110','sdfsdfsdf','580',1,1,0,0,'2021-10-01 10:46:56','2021-10-01 10:46:56'),
(12,4,5,'2021-09-30','550','sdfsdfsdf','580',1,1,0,0,'2021-10-01 10:47:00','2021-10-01 10:47:00'),
(13,4,5,'2021-11-26','10','sdsdf','5555',0,0,0,1,'2021-10-12 11:46:14','2021-10-12 11:46:14'),
(14,4,5,'2021-11-26','022','sdsdf','5555',0,0,0,0,'2021-10-12 23:12:23','2021-10-12 23:12:23');

/*Table structure for table `drivers` */

DROP TABLE IF EXISTS `drivers`;

CREATE TABLE `drivers` (
  `id` int(10) unsigned NOT NULL AUTO_INCREMENT,
  `user_id` int(10) unsigned NOT NULL,
  `full_name` varchar(191) COLLATE utf8mb4_unicode_ci DEFAULT NULL,
  `driver_name` varchar(191) COLLATE utf8mb4_unicode_ci NOT NULL,
  `email` varchar(191) COLLATE utf8mb4_unicode_ci NOT NULL,
  `password` varchar(191) COLLATE utf8mb4_unicode_ci NOT NULL,
  `phone` varchar(191) COLLATE utf8mb4_unicode_ci NOT NULL,
  `pay_type` varchar(15) COLLATE utf8mb4_unicode_ci NOT NULL DEFAULT 'fixed',
  `pay_amount` varchar(191) COLLATE utf8mb4_unicode_ci NOT NULL,
  `has_access` tinyint(1) NOT NULL,
  `deleted_date` varchar(191) COLLATE utf8mb4_unicode_ci DEFAULT NULL,
  `created_at` timestamp NULL DEFAULT NULL,
  `updated_at` timestamp NULL DEFAULT NULL,
  PRIMARY KEY (`id`),
  KEY `drivers_ibfk_1` (`user_id`),
  CONSTRAINT `drivers_ibfk_1` FOREIGN KEY (`user_id`) REFERENCES `users` (`id`) ON DELETE CASCADE ON UPDATE NO ACTION
) ENGINE=InnoDB AUTO_INCREMENT=46 DEFAULT CHARSET=utf8mb4 COLLATE=utf8mb4_unicode_ci;

/*Data for the table `drivers` */

insert  into `drivers`(`id`,`user_id`,`full_name`,`driver_name`,`email`,`password`,`phone`,`pay_type`,`pay_amount`,`has_access`,`deleted_date`,`created_at`,`updated_at`) values 
(12,3,'test','c1','test@gmail.com','$2y$10$pdkhpCxl4w3MwhVVfMJ7xerxYkMKTB2V2qdHhWvfR8Su7G4CWRp1S','1231231','fixed','100',1,NULL,'2020-12-14 21:07:16','2021-02-02 11:09:52'),
(13,3,'','c2','','','','','',0,NULL,'2020-12-14 21:07:20','2020-12-14 21:07:20'),
(14,3,'','c3','','','','','',0,NULL,'2020-12-14 21:07:24','2020-12-14 21:07:24'),
(15,4,NULL,'driver bbb1','bbb1@gmail.com','$2y$10$096yjO09dPqo6fjw0yCkFOSe4WivRwq3xORSwL7WRy6DBO97ljvCC','1112223334','fixed','333',1,NULL,'2020-12-14 21:07:27','2021-08-25 18:08:31'),
(16,1,'','c5','','','','','',0,'2021-01-25 08:08:59','2020-12-14 21:07:46','2021-01-25 10:08:59'),
(17,3,'','c6','','','','','',0,'2020-12-15 07:48:46','2020-12-14 21:07:52','2020-12-15 21:48:46'),
(18,3,'','RNC','','','','','',0,NULL,'2020-12-14 21:07:59','2020-12-14 21:07:59'),
(21,3,'','c6','','','','','',0,'2021-01-25 08:08:20','2020-12-15 21:51:40','2021-01-25 10:08:20'),
(22,1,'','RNC','','','','','',0,NULL,'2020-12-17 16:03:06','2020-12-17 16:03:06'),
(26,1,'a','a','Alina@courier123.uk','$2y$10$pdkhpCxl4w3MwhVVfMJ7xerxYkMKTB2V2qdHhWvfR8Su7G4CWRp1S','a','fixed','11',1,NULL,'2021-02-02 10:34:24','2021-02-02 11:21:26'),
(27,20,'','RNC','','','','','',0,NULL,'2021-02-05 18:11:02','2021-02-05 18:11:02'),
(28,14,'','RNC','','','','','',0,NULL,'2021-02-06 08:31:05','2021-02-06 08:31:05'),
(29,1,NULL,'test1','test@test.com','$2y$10$mu.rdCh6Uz71HemknKwnpenaYe6q.Pq/T8d1o2ybV6FUwecf59FJS','123123','fixed','100',1,NULL,'2021-02-12 02:47:30','2021-02-12 02:47:30'),
(30,29,NULL,'RNC','','','','','',0,NULL,'2021-02-20 16:02:31','2021-02-20 16:02:31'),
(31,30,NULL,'RNC','','','','','',0,NULL,'2021-02-21 17:03:10','2021-02-21 17:03:10'),
(32,4,NULL,'RNC','','','','','',0,NULL,'2021-06-15 02:39:33','2021-06-15 02:39:33'),
(34,15,NULL,'dddd','driver@gmail.com','$2y$10$ap9hrZHfTN78L0/kp9V3ZuG2if9iudiGES/mVtNEv/781p0VZ8OtS','22222222','fixed','200',1,NULL,'2021-06-16 07:55:33','2021-06-16 07:56:21'),
(35,15,NULL,'RNC','','','','','',0,NULL,'2021-06-16 09:38:19','2021-06-16 09:38:19'),
(36,4,NULL,'test driver','testdriver@gmail.com','$2y$10$ILyIcm6S3.u9ecS4lyTIA.Q0HTIc1/WqpdvwW6ooeeLbQJ6kzs4le','222333111','per_stop','100',1,NULL,'2021-06-20 15:57:07','2021-10-13 04:10:55'),
(37,15,NULL,'driver1','driver1@gmail.com','$2y$10$jYFgtVEfUspO54est8TT.uDDvfN1SEZzZ6Z38MkrM4Hzd3sdnqIpO','111222333','fixed','111.33333',1,NULL,'2021-08-05 09:40:35','2021-09-05 11:07:58'),
(38,15,NULL,'driver2','driver2@gmail.com','$2y$10$mHrwRa6a3V/py3.ES56j5.EuwtWJH14K0AFb8MXPvx6X0rjtT./4S','123123123','fixed','222',1,NULL,'2021-08-05 09:40:54','2021-09-05 11:06:58'),
(39,15,NULL,'driver3','driver3@gmail.com','$2y$10$PQ6rz4QPAjbqJ.iSteBQHupTtK8vMrNm175jv9kK2gYRnJkIqHIEO','333222111','fixed','333',0,NULL,'2021-08-05 09:41:13','2021-08-05 09:41:13'),
(41,4,NULL,'Sunan Jin','luckystar95215@gmail.com','$2y$10$eHZvh5AonnvzRS0ekxn/NO5HWKm0y2XO7gUhRJOPJiovqTLnGLlFu','11231231234','per_stop','5555',0,NULL,'2021-09-03 20:08:50','2021-10-13 04:11:00'),
(42,4,NULL,'Sunan Jin','luckystar295215@gmail.com','$2y$10$KmR2o8KdKykK1UckAh7wwOk0Jsc3ht8DAO6IiLadoajAbrI0yIxAq','11231231234','fixed','333',0,'2021-10-13 03:05:23','2021-09-04 11:32:05','2021-10-13 04:05:23'),
(43,1,NULL,'Sunan Jin','luckystar195215@gmail.com','$2y$10$JO/goqTzWbzHLNSGDlxqUOmP2.O2OpKizMPw6FAuu8muXek06fZSG','11231231234','fixed','333',0,NULL,'2021-09-17 12:03:20','2021-09-17 15:58:17'),
(44,14,NULL,'Test1','test1driver@gmail.com','$2y$10$VLUY7kKJirVuuTM8RpmGxe4RZttD97cw0EOd/oAB7BhkCRpTC9bKi','1231231231','fixed','55555',1,NULL,'2021-10-08 08:40:42','2021-10-08 08:44:00'),
(45,4,NULL,'test111','test2driver@gmail.com','$2y$10$YJGodI2mvni0Im24nKweJuHNHQW.kwM9XpxEuxmJLa9RWqmPyxdnW','2223333331','per_stop','666',0,NULL,'2021-10-08 21:34:58','2021-10-08 21:34:58');

/*Table structure for table `fleets` */

DROP TABLE IF EXISTS `fleets`;

CREATE TABLE `fleets` (
  `id` int(10) unsigned NOT NULL AUTO_INCREMENT,
  `user_id` int(10) unsigned NOT NULL,
  `driver_id` int(10) unsigned NOT NULL,
  `van_number` varchar(31) COLLATE utf8mb4_unicode_ci NOT NULL,
  `insurance_company` varchar(191) COLLATE utf8mb4_unicode_ci NOT NULL,
  `insurance_expire_date` varchar(191) COLLATE utf8mb4_unicode_ci DEFAULT NULL,
  `left_renewal` int(3) DEFAULT NULL,
  `mot_expire_date` varchar(191) COLLATE utf8mb4_unicode_ci DEFAULT NULL,
  `left_mot` int(3) DEFAULT NULL,
  `comments` varchar(512) COLLATE utf8mb4_unicode_ci DEFAULT NULL,
  `created_at` timestamp NULL DEFAULT NULL,
  `updated_at` timestamp NULL DEFAULT NULL,
  PRIMARY KEY (`id`),
  KEY `user_id` (`user_id`),
  CONSTRAINT `fleets_ibfk_1` FOREIGN KEY (`user_id`) REFERENCES `users` (`id`) ON DELETE CASCADE
) ENGINE=InnoDB AUTO_INCREMENT=7 DEFAULT CHARSET=utf8mb4 COLLATE=utf8mb4_unicode_ci;

/*Data for the table `fleets` */

insert  into `fleets`(`id`,`user_id`,`driver_id`,`van_number`,`insurance_company`,`insurance_expire_date`,`left_renewal`,`mot_expire_date`,`left_mot`,`comments`,`created_at`,`updated_at`) values 
(3,4,41,'sss','xxx','2021-09-30',10,'',0,'test comment111222','2021-08-23 16:14:39','2021-09-20 16:49:57'),
(5,4,36,'rrrr','rrr','2021-09-30',9,'',0,'sdfsdfsdfsdf','2021-09-21 16:47:08','2021-09-21 16:47:08'),
(6,4,42,'test van1','adsfasdfasdf','2021-10-31',20,'2021-11-26',46,NULL,'2021-10-12 03:08:07','2021-10-12 03:09:20');

/*Table structure for table `fuels` */

DROP TABLE IF EXISTS `fuels`;

CREATE TABLE `fuels` (
  `id` int(10) unsigned NOT NULL AUTO_INCREMENT,
  `user_id` int(10) unsigned NOT NULL,
  `driver_id` int(10) unsigned NOT NULL,
  `card_no` varchar(191) COLLATE utf8mb4_unicode_ci NOT NULL,
  `company` varchar(191) COLLATE utf8mb4_unicode_ci NOT NULL,
  `created_at` timestamp NULL DEFAULT NULL,
  `updated_at` timestamp NULL DEFAULT NULL,
  PRIMARY KEY (`id`)
) ENGINE=InnoDB AUTO_INCREMENT=3 DEFAULT CHARSET=utf8mb4 COLLATE=utf8mb4_unicode_ci;

/*Data for the table `fuels` */

insert  into `fuels`(`id`,`user_id`,`driver_id`,`card_no`,`company`,`created_at`,`updated_at`) values 
(2,15,36,'333','444','2021-07-22 15:07:52','2021-07-22 15:07:52');

/*Table structure for table `migrations` */

DROP TABLE IF EXISTS `migrations`;

CREATE TABLE `migrations` (
  `id` int(10) unsigned NOT NULL AUTO_INCREMENT,
  `migration` varchar(191) COLLATE utf8mb4_unicode_ci NOT NULL,
  `batch` int(11) NOT NULL,
  PRIMARY KEY (`id`)
) ENGINE=InnoDB AUTO_INCREMENT=20 DEFAULT CHARSET=utf8mb4 COLLATE=utf8mb4_unicode_ci;

/*Data for the table `migrations` */

insert  into `migrations`(`id`,`migration`,`batch`) values 
(1,'2014_10_12_000000_create_users_table',1),
(2,'2014_10_12_100000_create_password_resets_table',1),
(3,'2016_06_01_000001_create_oauth_auth_codes_table',1),
(4,'2016_06_01_000002_create_oauth_access_tokens_table',1),
(5,'2016_06_01_000003_create_oauth_refresh_tokens_table',1),
(6,'2016_06_01_000004_create_oauth_clients_table',1),
(7,'2016_06_01_000005_create_oauth_personal_access_clients_table',1),
(8,'2019_11_20_172858_create_security_questions_table',1),
(9,'2020_11_20_140811_create_drivers_table',1),
(10,'2020_11_20_140905_create_routes_table',1),
(11,'2020_11_20_141017_create_reports_table',1),
(12,'2021_06_14_005440_create_depots_table',2),
(14,'2021_07_21_024046_create_fleets_table',3),
(15,'2021_07_21_024320_create_fuels_table',4),
(16,'2021_08_18_150458_create_periods_table',5),
(17,'2021_08_19_150814_create_dpd_reports_table',6),
(18,'2021_09_20_160433_driver_services_table',7),
(19,'2021_09_22_053004_mileage_records_table',8);

/*Table structure for table `mileage_records` */

DROP TABLE IF EXISTS `mileage_records`;

CREATE TABLE `mileage_records` (
  `id` int(10) unsigned NOT NULL AUTO_INCREMENT,
  `fleet_id` int(10) unsigned NOT NULL,
  `date_time` varchar(191) COLLATE utf8mb4_unicode_ci NOT NULL,
  `service_mileage` varchar(31) COLLATE utf8mb4_unicode_ci NOT NULL,
  `tyres` tinyint(4) NOT NULL,
  `oil` tinyint(4) NOT NULL,
  `created_at` timestamp NULL DEFAULT NULL,
  `updated_at` timestamp NULL DEFAULT NULL,
  PRIMARY KEY (`id`)
) ENGINE=InnoDB AUTO_INCREMENT=15 DEFAULT CHARSET=utf8mb4 COLLATE=utf8mb4_unicode_ci;

/*Data for the table `mileage_records` */

insert  into `mileage_records`(`id`,`fleet_id`,`date_time`,`service_mileage`,`tyres`,`oil`,`created_at`,`updated_at`) values 
(5,5,'22/09/21 Wed 07:03:29','10',1,0,'2021-09-22 16:03:35','2021-09-22 16:03:35');

/*Table structure for table `oauth_access_tokens` */

DROP TABLE IF EXISTS `oauth_access_tokens`;

CREATE TABLE `oauth_access_tokens` (
  `id` varchar(100) COLLATE utf8mb4_unicode_ci NOT NULL,
  `user_id` bigint(20) DEFAULT NULL,
  `client_id` int(10) unsigned NOT NULL,
  `name` varchar(191) COLLATE utf8mb4_unicode_ci DEFAULT NULL,
  `scopes` text COLLATE utf8mb4_unicode_ci DEFAULT NULL,
  `revoked` tinyint(1) NOT NULL,
  `created_at` timestamp NULL DEFAULT NULL,
  `updated_at` timestamp NULL DEFAULT NULL,
  `expires_at` datetime DEFAULT NULL,
  PRIMARY KEY (`id`),
  KEY `oauth_access_tokens_user_id_index` (`user_id`)
) ENGINE=InnoDB DEFAULT CHARSET=utf8mb4 COLLATE=utf8mb4_unicode_ci;

/*Data for the table `oauth_access_tokens` */

insert  into `oauth_access_tokens`(`id`,`user_id`,`client_id`,`name`,`scopes`,`revoked`,`created_at`,`updated_at`,`expires_at`) values 
('00415cc126d3bf8e06ffaee935e56d828e203c3ccb85838a24317a30a5438055203a00b7d82e5caf',36,3,'MyApp','[]',0,'2021-09-22 13:01:39','2021-09-22 13:01:39','2022-09-22 12:01:39'),
('0115d1751bbebc893d077a00e733feb92053286d1df30fc380c7126ccc3ce8ae717ec6324d0a56ee',18,1,'MyApp','[]',0,'2021-02-05 17:21:55','2021-02-05 17:21:55','2022-02-05 15:21:55'),
('0120416d9f3509d97532b6024d442eddfcf1f6c36e701740d297ab79dee0b74f2d938ddfb9da7ac6',30,3,'MyApp','[]',0,'2021-02-21 17:04:15','2021-02-21 17:04:15','2022-02-21 15:04:15'),
('0179237079f969775c17e7e810cbda3b389629a890f3a5a6999963d91c57829bcf8a210ef3af9c8d',3,1,'MyApp','[]',0,'2020-12-10 17:07:51','2020-12-10 17:07:51','2021-12-10 15:07:51'),
('01d8f537c4b7c3bb88a2e3417bf4312318fbbe2e60390a1689d5c30e21c3e797d2fdffefcacafaf4',15,3,'MyApp','[]',0,'2021-06-16 11:40:33','2021-06-16 11:40:33','2022-06-16 10:40:33'),
('0226ef795d7e6171db056ae0d35e145d859e80aca24ee1a7600fbb0ab4bf8270775f9f2c38c15d47',36,3,'MyApp','[]',0,'2021-09-22 06:52:41','2021-09-22 06:52:41','2022-09-22 05:52:41'),
('0258f7973f22875e17e45c2856530769629c239c83b7fbc36fdc73522caf482300f3656950f89e1d',3,1,'MyApp','[]',0,'2020-12-19 15:31:32','2020-12-19 15:31:32','2021-12-19 13:31:32'),
('030b2a2d451f41f4f536b3f860f673c0fe8c4c164c3acb0a6fca96542ec23134811f3fed5ca28891',12,1,'MyApp','[]',0,'2021-02-02 11:47:04','2021-02-02 11:47:04','2022-02-02 09:47:04'),
('039a7f23a7633b97106c067ff9e633e4d0878e814d6603d18c2a8ee81a8ac5d5111a85d9f090369c',36,3,'MyApp','[]',0,'2021-09-22 12:06:08','2021-09-22 12:06:08','2022-09-22 11:06:08'),
('03c0baa23e98f41f65dbb09e8b425148436a7ee8bbad6fe8bc8f17b59ebdab1f181264c173ceb259',12,1,'MyApp','[]',0,'2021-02-02 09:31:16','2021-02-02 09:31:16','2022-02-02 07:31:16'),
('04932e305ea803df43e48afece5b92729ea42470d2443e55a1b03ee4fae3fd725298f4756d2699dd',3,1,'MyApp','[]',0,'2021-02-06 08:25:01','2021-02-06 08:25:01','2022-02-06 06:25:01'),
('050a2d24c0e446d81254ebdbd5517288d791f2aba9b7b7a1e654a46253ea62a9749faed23e2ec9c9',5,1,'MyApp','[]',0,'2021-01-27 17:19:02','2021-01-27 17:19:02','2022-01-27 15:19:02'),
('069dd50a2f9e61f0ecee857a5d5c095bfa40e38ea154610e513f1f848077d9051597b41156695285',3,1,'MyApp','[]',0,'2020-12-09 09:09:31','2020-12-09 09:09:31','2021-12-09 07:09:31'),
('07b2c8f15b6993f4443c92fc7c4762148d8532b791986af84c37e155b427ef9807b76ff8160f3cd8',1,3,'MyApp','[]',0,'2021-06-02 22:01:58','2021-06-02 22:01:58','2022-06-02 21:01:58'),
('0889e55e6372c5a9dbfc5e9a7dc5d59816dbb05d080c6dc798be0f4596e4355504fe4989143e8386',3,1,'MyApp','[]',0,'2020-12-07 14:35:40','2020-12-07 14:35:40','2021-12-07 12:35:40'),
('08a043f3f5e8e598b6b166eda108d423f62ce5de05c3461e3e47cf61fb87c519106532e59ddee60a',3,1,'MyApp','[]',0,'2020-12-10 15:10:24','2020-12-10 15:10:24','2021-12-10 13:10:24'),
('095cb585c340560b85a79da9a79d6253f87dfd5ec14dd35191ceda6c4b52b83f623392124129157c',1,3,'MyApp','[]',0,'2021-02-11 21:28:04','2021-02-11 21:28:04','2022-02-11 19:28:04'),
('0d2f65e90eb5504c9c82962f735dedb751bd333cb5aea159e25efe879020e3ddf936d40f9da5c520',3,1,'MyApp','[]',0,'2020-12-08 16:32:47','2020-12-08 16:32:47','2021-12-08 14:32:47'),
('0d9bc6d855f57c8d063dc7e991dae934047a88ebed1eb6c9074f21cdfd0253939188d075eaa494be',29,3,'MyApp','[]',0,'2021-02-20 16:02:30','2021-02-20 16:02:30','2022-02-20 14:02:30'),
('0ddfc89fe31814ec35f6618b5e9ee4d6998402eda34e3a4b2d60dc256032d0cd94f1f9df4c3e2a02',1,1,'MyApp','[]',0,'2021-02-02 12:32:15','2021-02-02 12:32:15','2022-02-02 10:32:15'),
('0e3089e1683f1bab4186250462a4afd5c80e5d8384e383ddd1e84f68caf9e3b92a30477958a66082',4,3,'MyApp','[]',0,'2021-09-02 20:03:27','2021-09-02 20:03:27','2022-09-02 19:03:27'),
('0ec571071d1f8dd111aca06e0dd8d622a9333a5de21647a076b6374afb62a4014bdb6513b5be35d2',14,3,'MyApp','[]',0,'2021-10-08 08:41:25','2021-10-08 08:41:25','2022-10-08 07:41:25'),
('0ecd69209a7e408a87b7fda4fd20c24548f050816d2348acd98affce862b2593b8f36e4d811264bf',3,1,'MyApp','[]',0,'2020-12-14 15:09:04','2020-12-14 15:09:04','2021-12-14 13:09:04'),
('0f50e5e3024d6978e11165647a0fdab3840edf073b71c48708a86753d38f3cdac87a0038e3ef63b0',38,3,'MyApp','[]',0,'2021-09-02 11:40:31','2021-09-02 11:40:31','2022-09-02 10:40:31'),
('0fdef09048a3f65e5424f508c66e5717fa09a8a5660eca9173f5eb638897ff11661b7e0bfbfa826e',4,3,'MyApp','[]',0,'2021-09-17 16:47:35','2021-09-17 16:47:35','2022-09-17 15:47:35'),
('10285673fba927dd903ab4dec89817d2052c5ef88ea170da23058be8a778fddab9644e432c90d5fb',37,3,'MyApp','[]',0,'2021-09-05 11:08:21','2021-09-05 11:08:21','2022-09-05 10:08:21'),
('10d15fa0bf5131e4cc8dfd12dffd0a3bbf66109f8d0424f4691b0985984215c6a991d2d10ce03295',1,1,'MyApp','[]',0,'2021-02-04 04:02:13','2021-02-04 04:02:13','2022-02-04 02:02:13'),
('124876c348f4f21d54f6921639588eb021554cee1abba592de57539d4834652351d42d1f93536458',4,3,'MyApp','[]',0,'2021-06-23 17:57:22','2021-06-23 17:57:22','2022-06-23 16:57:22'),
('1465283875ced0916c4a344f84278f01ccb13da07e73418779e3140820dbe83fd38bf8e0277fc5f2',4,3,'MyApp','[]',0,'2021-06-15 02:39:32','2021-06-15 02:39:32','2022-06-15 01:39:32'),
('151a71a677229ed27bf4612335f6fd7ab7dfbd768c7c1580043d528c411e0a1bc61bd3f49ed0f48f',1,3,'MyApp','[]',0,'2021-06-02 21:53:23','2021-06-02 21:53:23','2022-06-02 20:53:23'),
('180a996c49777728cb0644162159a4b693fb8988a34d269fe920bdc95ed71a30d371a2750f93c4e2',4,3,'MyApp','[]',0,'2021-06-16 12:28:22','2021-06-16 12:28:22','2022-06-16 11:28:22'),
('182c385ddbdd0e847f56d3f07522aeaee77ce726e0e3adc03fff7de6c4c7de067ad82ef253578f26',36,3,'MyApp','[]',0,'2021-10-12 16:12:49','2021-10-12 16:12:49','2022-10-12 15:12:49'),
('1874a6b98c32b532a5c41f629549eb79848f1c3ec35307434ee8e025eb58252dc30e753f56dd7641',36,3,'MyApp','[]',0,'2021-10-13 15:24:27','2021-10-13 15:24:27','2022-10-13 14:24:27'),
('19506fcd024500b08233f386cf33c120dd1b69108b57bcdb27510f8f52f6e7a6d7d713f50831f9df',12,1,'MyApp','[]',0,'2021-02-03 09:41:46','2021-02-03 09:41:46','2022-02-03 07:41:46'),
('19d792bb4a0b6436eae2b10f225446b805672cda71d9d3104e5d58d3ecbf8a6b57cd1d35226048d9',4,3,'MyApp','[]',0,'2021-06-25 01:37:08','2021-06-25 01:37:08','2022-06-25 00:37:08'),
('1bc7c7da47a4508ea127aa4232967f8a2c5b7d63455dfbbd10241cb2442fc11d29be083436f4ef46',1,1,'MyApp','[]',0,'2021-01-22 09:28:40','2021-01-22 09:28:40','2022-01-22 07:28:40'),
('1c5caff4278c891fd4639a18cc4d692621eb1f4728fb7e5ec37949953b6c3a11a0e37366676861c5',1,1,'MyApp','[]',0,'2021-02-02 10:07:50','2021-02-02 10:07:50','2022-02-02 08:07:50'),
('1c9cce1efae5d3e334da2fbb05e9fdd70855b9bda0fe4746e3a80054d7dc160350d2ba06861070d2',1,3,'MyApp','[]',0,'2021-02-12 02:06:16','2021-02-12 02:06:16','2022-02-12 00:06:16'),
('1cdcdb7bd915647ce1bf1173cb7117f827c7cf341cde17ff55cf5c41b1f5ee7648af8305dc090a1c',1,3,'MyApp','[]',0,'2021-10-14 13:47:17','2021-10-14 13:47:17','2022-10-14 12:47:17'),
('1cea4adfaaee95de31713400c07cc07ce483adb04519fa2eaf0eadb761ddaaa6792b4482cf215cea',43,3,'MyApp','[]',0,'2021-09-17 09:49:55','2021-09-17 09:49:55','2022-09-17 08:49:55'),
('1d632132201c3512f8249cf1c0e8d310bcc25e45f40ade3134186d0671a8c829d7b8a9affac0187d',4,3,'MyApp','[]',0,'2021-09-05 10:26:48','2021-09-05 10:26:48','2022-09-05 09:26:48'),
('1dfe3717525dffff7733ce6aa1d57e077d8c4c7c68464067cf12e9ca3539b8359cee6bb6f913bf31',12,1,'MyApp','[]',0,'2021-02-02 11:53:51','2021-02-02 11:53:51','2022-02-02 09:53:51'),
('1e6c9fcd00c5ab8db4a22a19690f672cd0166ff7b841657f4b64da84b861d5b6872bd0778403fc59',12,1,'MyApp','[]',0,'2021-02-02 12:26:50','2021-02-02 12:26:50','2022-02-02 10:26:50'),
('1f7b62c57cd11bb33bb661c5e8851b87a8d9ef9a46bfbb88382d73c5561060744b89a480c1d9f3da',4,3,'MyApp','[]',0,'2021-09-05 11:09:07','2021-09-05 11:09:07','2022-09-05 10:09:07'),
('211d1b0dffaa7038c58e86a11db9767287b005b8553f01524c6c541d517c9b571deea4e28f8a2a59',36,3,'MyApp','[]',0,'2021-09-22 11:48:46','2021-09-22 11:48:46','2022-09-22 10:48:46'),
('217b018d44d536beffd56185aef55fb7fcb0025bf1dd1e1d8c8946754126e43571d24265230653ec',3,1,'MyApp','[]',0,'2020-12-04 16:46:33','2020-12-04 16:46:33','2021-12-04 14:46:33'),
('227264be4024f597c78f9742c7fa34aedbb8d8c41f2d03916196bc518f82a3ff3805628799386607',12,1,'MyApp','[]',0,'2021-02-02 12:24:32','2021-02-02 12:24:32','2022-02-02 10:24:32'),
('2356a622b464465ba19a99a159b8249ab35158f370d32aa84052dde01fb95685a807af1bfc4b8e88',12,3,'MyApp','[]',0,'2021-06-02 14:36:44','2021-06-02 14:36:44','2022-06-02 13:36:44'),
('23c716a46dae107e6af5e281dbaaa42d804f9a54674917aae5b4a1b811fbe5165dcf69404cd51f09',44,3,'MyApp','[]',0,'2021-10-08 08:44:26','2021-10-08 08:44:26','2022-10-08 07:44:26'),
('24aa9214cba3ab0d6cea6210b133c9b640b58e9187ee6551474ce2f8bc06bf9ca9999c49b3065fd2',4,3,'MyApp','[]',0,'2021-09-01 20:18:11','2021-09-01 20:18:11','2022-09-01 19:18:11'),
('24e35ee300b876c13ca983127b524fb0074de7c5d6b705c5230d8eb0e98b2f50483bd6cb77f06afe',36,3,'MyApp','[]',0,'2021-09-22 20:30:51','2021-09-22 20:30:51','2022-09-22 19:30:51'),
('25ed7c79d878fa6117f66e62ffaf018fb3b2b77621b743fa35155e9babbbd9524a8955039df91d63',12,1,'MyApp','[]',0,'2021-02-04 04:01:26','2021-02-04 04:01:26','2022-02-04 02:01:26'),
('2688683088d9ff0c391899fbc99dcc1616acaaef90b150576cee635ac1546c8facafde826957639d',15,3,'MyApp','[]',0,'2021-07-22 15:03:12','2021-07-22 15:03:12','2022-07-22 14:03:12'),
('26b2f441234353bca9842581213815c043dd916f6de93aae18b0f3129ab92cae2bfa2c31ae5753e1',41,3,'MyApp','[]',0,'2021-09-02 11:42:36','2021-09-02 11:42:36','2022-09-02 10:42:36'),
('27b34ccf69b116d6029908417c21716c9a40de896c57be11e4a6c3b24cd97778ed5b4fc93dd17f6e',14,3,'MyApp','[]',0,'2021-02-21 16:38:18','2021-02-21 16:38:18','2022-02-21 14:38:18'),
('2a4080ec58ecab12ff4f47743d68b9ca416fa1fd41b5d401e7cf48f2927ede4757656c7261f756e3',36,3,'MyApp','[]',0,'2021-09-22 06:53:19','2021-09-22 06:53:19','2022-09-22 05:53:19'),
('2ac92ade7d02ce479e1fcc0efb3b7477a2d3b818a6291a1eaea76f6f8adc397b4a59d2d72c1f552d',12,1,'MyApp','[]',0,'2021-02-02 12:25:03','2021-02-02 12:25:03','2022-02-02 10:25:03'),
('2af2621a88a3b0da3ebfe7a4e62c24dc45b1ef3200b12f383d6adc9572eb08b0107915f9ec64d162',4,3,'MyApp','[]',0,'2021-10-13 04:34:44','2021-10-13 04:34:44','2022-10-13 03:34:44'),
('2bee6a7fef9b27dd744b58b06af8cdcfa2909827e96606bbae258d4f7fa8199d22c006233e68bd12',1,3,'MyApp','[]',0,'2021-06-02 22:36:14','2021-06-02 22:36:14','2022-06-02 21:36:14'),
('2c7eb6255347fc9ee4376e006558aba5b309aa6db24f5b432d6ddb0be8d78a1ceeaf5174bc3b958c',3,1,'MyApp','[]',0,'2020-12-10 21:18:41','2020-12-10 21:18:41','2021-12-10 19:18:41'),
('2c8750114630b015bfe6b54ae8f4911fbc700521a498ca068c4a825ce08a585cdd46e5ff17426377',3,1,'MyApp','[]',0,'2020-12-10 16:47:52','2020-12-10 16:47:52','2021-12-10 14:47:52'),
('2cdcc1e90df6b40523f656888628dd4cf461c5a742991e30bb4fc4744119d65fdee1948f06ab4c81',1,1,'MyApp','[]',0,'2021-02-02 06:06:12','2021-02-02 06:06:12','2022-02-02 04:06:12'),
('2d9e4ae0cdf090438ab29982578fabce9045bab0cdee346e4a450aba79085d1d2f8795df78932998',36,3,'MyApp','[]',0,'2021-09-22 11:51:06','2021-09-22 11:51:06','2022-09-22 10:51:06'),
('2f96b488e57ade13db786700ffd50a5293ed36013391aa3e7a77241690e01b0766515a9fda42fb52',1,3,'MyApp','[]',0,'2021-02-12 02:37:05','2021-02-12 02:37:05','2022-02-12 00:37:05'),
('31938d084c73455f692f11b742dbdceda79d2d36c4a419c474a7a6edefeffaa9cfc88041396d15f7',4,3,'MyApp','[]',0,'2021-10-01 13:34:02','2021-10-01 13:34:02','2022-10-01 12:34:02'),
('32bde5ce008773f28ab0b31e1b8ea32398200aee2c07f6b2e13dbfa0f0b9b471ada04dbcfa72bf5b',4,3,'MyApp','[]',0,'2021-07-20 09:57:29','2021-07-20 09:57:29','2022-07-20 08:57:29'),
('32e121b4cb0cceb33b801720876769f7341a33884d2dbc93743183df13e78c67025d39681bdd3e8c',4,3,'MyApp','[]',0,'2021-09-14 16:51:26','2021-09-14 16:51:26','2022-09-14 15:51:26'),
('353792a48086cdc66aa6338970f2e61c3b441b436fb073ad3e484045759713ddea7a84b54d3da423',12,1,'MyApp','[]',0,'2021-02-02 12:29:37','2021-02-02 12:29:37','2022-02-02 10:29:37'),
('36c2c0b4562865288d336f1877a7bab69a11a6e6d256c0a116ecb1b6f3a2b45aa7334af73fc2d958',36,3,'MyApp','[]',0,'2021-09-23 06:17:00','2021-09-23 06:17:00','2022-09-23 05:17:00'),
('380d3d2ffc77fe26218591eb06c358a0ebb59cd093a190a6cbdccadb041f52d60e8fa4c1be4ae97c',12,3,'MyApp','[]',0,'2021-06-21 08:47:02','2021-06-21 08:47:02','2022-06-21 07:47:02'),
('388821eb03ec222ecc0fbed371dea71728e8f3bf8a0ab6a60d4fcf51a45ae18043aa9d55c1020979',4,3,'MyApp','[]',0,'2021-08-24 17:37:01','2021-08-24 17:37:01','2022-08-24 16:37:01'),
('396258459ad229a4e90722c99eb8b17587f2b6d050743b813f4c72b2b1520d8c79bb3cd69b641201',36,3,'MyApp','[]',0,'2021-06-20 16:02:42','2021-06-20 16:02:42','2022-06-20 15:02:42'),
('39b9c7b0c7dd3e4035811cb94865b87a2df0156bd8a489b96a007146a96b125c2bcf517be2d84a1a',36,3,'MyApp','[]',0,'2021-06-25 03:22:36','2021-06-25 03:22:36','2022-06-25 02:22:36'),
('3b3d1db14483b448b82f7cc0e1447f478f96b49f881a1ec7e4b789cee9d945ea64ba1c79ae72cfec',12,1,'MyApp','[]',0,'2021-02-02 11:51:19','2021-02-02 11:51:19','2022-02-02 09:51:19'),
('3d49c3795bc633dbb947add6ebffaef50b6cb9253ba64a6869fbb11693bd479c8ee262756e838a43',4,3,'MyApp','[]',0,'2021-08-29 19:46:43','2021-08-29 19:46:43','2022-08-29 18:46:43'),
('3d9a213dfc16ff7813ace527f3ffa21b5079335abd9807f0ff87e73d6596fbe462313341dbdbaf41',4,3,'MyApp','[]',0,'2021-10-13 04:04:17','2021-10-13 04:04:17','2022-10-13 03:04:17'),
('3dce0543acd4e7cba4feded57672fb72aa4f761820ff28cdf1ebcbc4bc9860f3ec9740ab6bf91ad4',1,1,'MyApp','[]',0,'2020-12-04 19:57:34','2020-12-04 19:57:34','2021-12-04 17:57:34'),
('3e08c49f5f09f9e7a8c4c6e285409fdca763e585ce3bd0c7de4c1ba8831cae5722de861116716ca3',3,1,'MyApp','[]',0,'2021-02-06 08:43:27','2021-02-06 08:43:27','2022-02-06 06:43:27'),
('4105bf97f0e21487e733e934e2e9b534fee61afc6f7ae5f96f889cc9297fe1256e4906f40fdb93e4',1,1,'MyApp','[]',0,'2021-01-29 01:40:41','2021-01-29 01:40:41','2022-01-28 23:40:41'),
('42b4764de03b7f9c832b516ef1ad2304d6b31a5b12b9085bdb0d18d6b87ca2fdd9a1d47af31f2109',3,1,'MyApp','[]',0,'2021-01-30 11:47:07','2021-01-30 11:47:07','2022-01-30 09:47:07'),
('435f4c6a0cc64f5c68dcc8fab7209d57b39980e6d516ee105166ba27092ad8f9e6b40d2447274a1b',36,3,'MyApp','[]',0,'2021-09-22 11:52:13','2021-09-22 11:52:13','2022-09-22 10:52:13'),
('444ade4aafb6b5fedf429d3d57fc07ff290209d13c6f5f07aa445a0c5767b8c9e11f854d3eecfa7b',4,3,'MyApp','[]',0,'2021-10-08 09:52:30','2021-10-08 09:52:30','2022-10-08 08:52:30'),
('44b47ed113d3de2dedf324ac6e0d4e505d512a13a8fe5512d9285f7f84678b0171c6617d1f054906',20,1,'MyApp','[]',0,'2021-02-05 18:15:46','2021-02-05 18:15:46','2022-02-05 16:15:46'),
('4601bf471f068b5a07cdbbc578c020a2f55c367d3b726898a56ccb7af812e84fa91dc5993f05e104',14,3,'MyApp','[]',0,'2021-02-21 17:04:32','2021-02-21 17:04:32','2022-02-21 15:04:32'),
('46c7b59fd80877354a3ad823f9a1aae6e93a6bea0945ed107ac2bbc3f3f21ad0b51a1b90e3f3b703',12,3,'MyApp','[]',0,'2021-06-02 14:33:55','2021-06-02 14:33:55','2022-06-02 13:33:55'),
('46ee43d5f92b0847b9154913ac0b5dbd4523d9df4c5307f05416caeb2aa26160699ba9f82cc86308',3,3,'MyApp','[]',0,'2021-06-23 17:46:13','2021-06-23 17:46:13','2022-06-23 16:46:13'),
('475ee7776dd4ee58ee4538a600c7ad8e278b9275e01fe289cd1637d9803b87b98169fc9c13601ec0',3,1,'MyApp','[]',0,'2020-12-17 19:01:28','2020-12-17 19:01:28','2021-12-18 09:01:28'),
('483e97e5cf56f6b57063eabaf9b3e7f9908fddd148bf1bd56f84950dc78f1941ec3f92e2cec60f19',12,1,'MyApp','[]',0,'2021-02-02 18:37:08','2021-02-02 18:37:08','2022-02-02 16:37:08'),
('48ac68e1db52027fb3a9bfc30137a62a0bcf6427ff2fd648a65c0655dcc0f9610e8c28d89bfaa305',36,3,'MyApp','[]',0,'2021-09-30 21:12:01','2021-09-30 21:12:01','2022-09-30 20:12:01'),
('4b357f706522ab8d506cb1b8aa104f69232e2dd7d901402edc144ce7c38ce4c86127ed52bd8fb94e',1,1,'MyApp','[]',0,'2020-12-19 15:38:21','2020-12-19 15:38:21','2021-12-19 13:38:21'),
('4c242702be2356cd5518d605e53375a2c7de8e4e7c21863e237505b8db9a93fb63d1364c46294ef8',12,3,'MyApp','[]',0,'2021-06-22 09:32:11','2021-06-22 09:32:11','2022-06-22 08:32:11'),
('4d35f419a252072d3ef17671a90253ee80bc0592a8490f60475e3dc1fa8e30e95a4b9950b4a87c8e',1,3,NULL,'[]',0,'2021-02-11 16:43:18','2021-02-11 16:43:18','2022-02-11 14:43:18'),
('4d3d3b5112477c4d0d538dc39ee6a3addc81997bc59172058d72a7ce0504fd2a824e802d909fe3f5',1,1,'MyApp','[]',0,'2021-01-22 09:41:15','2021-01-22 09:41:15','2022-01-22 07:41:15'),
('4d4d6c1da98b97433d9bf2cd06d0cf7fdd6f5cd313904765fff87b754c27d4054c22a74a4f541740',4,3,'MyApp','[]',0,'2021-10-13 04:08:39','2021-10-13 04:08:39','2022-10-13 03:08:39'),
('4d8d5151b6ad7c261197bbc8d1183d36f16e53a4d728403546221bf91b643be8d074a3c904993a8c',27,3,'MyApp','[]',0,'2021-02-16 11:25:27','2021-02-16 11:25:27','2022-02-16 09:25:27'),
('4e63015925df828a2bce9129b03deef635b82fff774767edce2e1dba4a019be4e9f13898449d803b',4,3,'MyApp','[]',0,'2021-09-06 02:51:02','2021-09-06 02:51:02','2022-09-06 01:51:02'),
('4ed3f6d3d34ff34c0fb659dad52701b59299fe0754c54efa58fad084706e9b548ee551f895552d59',41,3,'MyApp','[]',0,'2021-09-02 11:43:15','2021-09-02 11:43:15','2022-09-02 10:43:15'),
('4f3ce592b3ffe2b8778776132af94e5f5dc7b657882a192aa9b082f99a44ee1b72abf621039a3651',4,3,'MyApp','[]',0,'2021-10-02 10:08:20','2021-10-02 10:08:20','2022-10-02 09:08:20'),
('4f3f9f12f5a55043e3ceab42f5ca212975805852f003b52aca3658dbd0c1e1c95645c1082d75338e',4,3,'MyApp','[]',0,'2021-06-25 03:21:07','2021-06-25 03:21:07','2022-06-25 02:21:07'),
('4fa0831a3b74f757bbbdd73f068eecc844974f0c11b252cccb886a116502104f2dc0fef978507646',12,1,'MyApp','[]',0,'2021-02-02 11:46:30','2021-02-02 11:46:30','2022-02-02 09:46:30'),
('507b8682241604161579fe8d61feba46334050295a21ece5ae03283958c47a549a9ab47c8129827c',1,1,'MyApp','[]',0,'2020-12-17 19:32:48','2020-12-17 19:32:48','2021-12-17 17:32:48'),
('51758cb4a01542011f05682266aac15b5c0759518ed6c68aa8bdad8457ced2a7f381c35da6982792',14,3,'MyApp','[]',0,'2021-10-08 08:40:12','2021-10-08 08:40:12','2022-10-08 07:40:12'),
('52fbc7cda581443006dccbb89bf295bffd6e760abb31fcf5600aa25cf01b049fa32eaa199578fd0f',12,1,'MyApp','[]',0,'2021-02-02 11:48:14','2021-02-02 11:48:14','2022-02-02 09:48:14'),
('533c247a7350b1a276eb248c618452a9e481b816d686a141b92ebece8002add62a6adff339591da0',1,1,'MyApp','[]',0,'2021-02-02 20:22:40','2021-02-02 20:22:40','2022-02-02 18:22:40'),
('541904cee3cbe00f447ea2af614ec64af35548d9e6bb53aeb9b46eb02df6d68dedb2c3e82e41730e',36,3,'MyApp','[]',0,'2021-09-22 11:53:35','2021-09-22 11:53:35','2022-09-22 10:53:35'),
('54b75bc02a1b540dd1bcda0e273559b7dcd0009de5c21fda1cd8ac1ae004e58499d715708f0d6549',4,3,'MyApp','[]',0,'2021-08-29 19:50:24','2021-08-29 19:50:24','2022-08-29 18:50:24'),
('56ea7d406912300477b409d6091de1f5678537e1d7ec303b08286389d617359378d04cd8b3c192d8',12,3,'MyApp','[]',0,'2021-06-22 09:00:51','2021-06-22 09:00:51','2022-06-22 08:00:51'),
('57f0dc219ac68042b2a796774264c31231650a54be682967d1b48cbf14c2d0aa1faef35847781f61',1,1,'MyApp','[]',0,'2021-02-04 03:57:57','2021-02-04 03:57:57','2022-02-04 01:57:57'),
('5812b6fbfe0d6166aeb4c9d8ec3a2ec2b852bb5f9629808a1742845826f0c52d4980782c6ff96a5c',36,3,'MyApp','[]',0,'2021-10-01 10:37:03','2021-10-01 10:37:03','2022-10-01 09:37:03'),
('585a305bed71ba0b071e85333d1864e1d44befbd7faf60dc054cb7ccc5828c7c4d4a3e6fa9cc4f3f',4,3,'MyApp','[]',0,'2021-09-03 21:33:28','2021-09-03 21:33:28','2022-09-03 20:33:28'),
('58ea4c183bd8cd97a81575e40b31dfefc700b6a0b25eb756fbc04514bb5daff04c04e6df17248ff7',3,1,'MyApp','[]',0,'2020-12-17 18:57:46','2020-12-17 18:57:46','2021-12-17 16:57:46'),
('5958db319c196ce865a4390badf3b75994211331b20c6c07dbdf95feac94106f6f0143f0ec24ebb7',4,3,'MyApp','[]',0,'2021-08-03 15:02:47','2021-08-03 15:02:47','2022-08-03 14:02:47'),
('59e171fcf87183bef05e3de0a3156a57594cb8e54cc8c365284c7b11a4782efe466605887fa38e65',20,1,'MyApp','[]',0,'2021-02-05 18:11:01','2021-02-05 18:11:01','2022-02-05 16:11:01'),
('5c4ec80de0d2d9c01c70aac3e8c651fb9d56b9a27746150e324d17601b564aed5c30d833479773da',36,3,'MyApp','[]',0,'2021-09-28 19:45:42','2021-09-28 19:45:42','2022-09-28 18:45:42'),
('5da1a47d2949db8320939c47efe6e05b3a0ebfac4f4d00828a73908aa4edcf8b6c26b28d794a02a6',36,3,'MyApp','[]',0,'2021-10-12 16:22:45','2021-10-12 16:22:45','2022-10-12 15:22:45'),
('5e7509c50d73c5d9faa8af8789d1ecb38bd3ee0920263e08b267368442a78e7cc52f7a003c2a3b14',4,3,'MyApp','[]',0,'2021-09-24 16:54:11','2021-09-24 16:54:11','2022-09-24 15:54:11'),
('5e96c6e51952b96a8276d26b28dfec6d85d0533a84f12cb6765f200b9e482e02f6bae4f775132625',1,1,'MyApp','[]',0,'2021-01-25 10:00:23','2021-01-25 10:00:23','2022-01-25 08:00:23'),
('5f218b568dc88d2daedd8bcf0b7cd6e328f544501a28351d4df21ec61978b8a795dcbd2ff08a06ff',15,3,'MyApp','[]',0,'2021-06-16 09:38:19','2021-06-16 09:38:19','2022-06-16 08:38:19'),
('5f56da0a26cb19a3d3394af81b7ba1b19e66eb4c65c239b8d836bc5e91e3b6ebfe96438e11a4bec3',12,3,'MyApp','[]',0,'2021-06-02 14:44:52','2021-06-02 14:44:52','2022-06-02 13:44:52'),
('5fb4a7060c87f89a753bdd8b4d1e5affaa886ba122d76bbcaae78a3f1b14f6dd113968391762f096',3,3,'MyApp','[]',0,'2021-02-21 17:04:50','2021-02-21 17:04:50','2022-02-21 15:04:50'),
('5fd97c454c1b8e9da1caa0a8d6b9ad0f7cbb6fe9f279562bc556194f748dbbf4accb2788114018a9',4,3,'MyApp','[]',0,'2021-08-20 16:36:35','2021-08-20 16:36:35','2022-08-20 15:36:35'),
('5fe3d46288dcde140246d7408fdd17d5e322e12e9bbb4c32a6f31628b35aae62dc081f8c6692ec78',1,3,'MyApp','[]',0,'2021-06-14 04:30:41','2021-06-14 04:30:41','2022-06-14 03:30:41'),
('60df46858108f3d18b4d766ee2d048d054a7eaea374d863a63c1b2ca621cdd083125745e94b4c7ad',1,3,'MyApp','[]',0,'2021-06-02 22:08:41','2021-06-02 22:08:41','2022-06-02 21:08:41'),
('60ed81e17a67fcb4247d3590407af79a9c0f31be99ae19fac0f3176dc6f13d4d520efd4d5cf8bf9c',36,3,'MyApp','[]',0,'2021-09-22 11:41:53','2021-09-22 11:41:53','2022-09-22 10:41:53'),
('60f87ab506b0731297fe4439ee2aeefc2c62becad9033d3f89fbe66b1ad5a7f68616a93c72322ba4',36,3,'MyApp','[]',0,'2021-10-01 10:37:48','2021-10-01 10:37:48','2022-10-01 09:37:48'),
('610f7db62744b94b56479af40e3cc87f90585c7ac08a86fcdeb3100a130e767d46496ad8a5554e12',36,3,'MyApp','[]',0,'2021-10-12 23:12:10','2021-10-12 23:12:10','2022-10-12 22:12:10'),
('626281f8917a0e2a71a66c419c542ddbe0205cbabfc3dd457a86d1592c4cce0b26612aabc1c1c316',12,1,'MyApp','[]',0,'2021-02-02 11:54:55','2021-02-02 11:54:55','2022-02-02 09:54:55'),
('6370da135e9c61a914eeee8b083603c67c816d130991cc857182fa82a637768bea4a791cbf66c5ba',3,1,'MyApp','[]',0,'2020-12-08 00:05:56','2020-12-08 00:05:56','2021-12-07 22:05:56'),
('637abf9c1312dbe252fb3d439b5f651caf2012e205dca17203d34a435753cf93741d48ef19808435',1,3,'MyApp','[]',0,'2021-10-14 10:01:09','2021-10-14 10:01:09','2022-10-14 09:01:09'),
('645cbabef10d5b8ba15d119607d3a3bedb4695652f6b32d592ea9cc79668d9533f871a9356f7a00d',1,3,'MyApp','[]',0,'2021-06-23 17:59:29','2021-06-23 17:59:29','2022-06-23 16:59:29'),
('64c9a34ad84bdb1b4b0d68bf4cb85d38e102d0edf0cd77c261ea6bf7e9745e4acb161eab06cd56e1',36,3,'MyApp','[]',0,'2021-09-22 06:56:03','2021-09-22 06:56:03','2022-09-22 05:56:03'),
('6a79bcc9c4573847ae834da72232d3d0933bb139b0a73f8847b4412845bf90aa94ca0725e85bdf7d',3,1,'MyApp','[]',0,'2021-02-03 10:34:29','2021-02-03 10:34:29','2022-02-03 08:34:29'),
('6b3fc0aea4aa57273b84755f03daaf9ee7d73069d4bf1f2db701a9699afe5764c9bfbe51871add87',36,3,'MyApp','[]',0,'2021-09-22 06:49:12','2021-09-22 06:49:12','2022-09-22 05:49:12'),
('6b7fd033f8d45c5e7accd368394fee6289b29acebef8f8b1f2a2c93d0dfd67ee728fe4bec0974a3c',7,1,'MyApp','[]',0,'2021-01-27 17:21:05','2021-01-27 17:21:05','2022-01-27 15:21:05'),
('6d4658868ff1e87a1773e39ab7301806fa590647ce53d0950d2c704a1df0faa64b94a956a0dec0ab',3,1,'MyApp','[]',0,'2020-12-15 18:39:19','2020-12-15 18:39:19','2021-12-15 16:39:19'),
('6d8a569ecce3b21054b4066f9435111eec3bcf2ff1453912ac817f6d62869c41d99663ba8442f00f',1,3,'MyApp','[]',0,'2021-06-02 10:55:10','2021-06-02 10:55:10','2022-06-02 09:55:10'),
('6dd1669dbaf0a452700056e7c446b58fe868cd1d8b6a871ae1a3fb0f7f4ee848577bd1bf1c6dd256',1,3,'MyApp','[]',0,'2021-09-03 22:00:13','2021-09-03 22:00:13','2022-09-03 21:00:13'),
('6f2a6513b52bd6bfc71297dcd933a0a83aebc5d8b2f9b75d61b5729290711d2dba91570391f9f68b',4,1,'MyApp','[]',0,'2021-01-27 17:16:15','2021-01-27 17:16:15','2022-01-27 15:16:15'),
('70c09ad9b9867c11f54fc5893f8e263b87ecec23de0b5fcd02c0d38ab616fdcf39b324797179a4d4',12,1,'MyApp','[]',0,'2021-02-02 11:57:12','2021-02-02 11:57:12','2022-02-02 09:57:12'),
('71106099db841d2cfdfc47da9843d4d064a27c4c4540ce2f6b26f140812302945f7819cd6ac4beff',1,1,'MyApp','[]',0,'2020-12-10 17:07:25','2020-12-10 17:07:25','2021-12-10 15:07:25'),
('718e8e6ab86d4f0db206fe96d7f73828c156254fccb98d961ebb95ea2542d351016e8a22a5144214',1,1,'MyApp','[]',0,'2021-02-01 21:30:17','2021-02-01 21:30:17','2022-02-01 19:30:17'),
('733bee68b6d2bcf4151dcdc5b94943323f9caa60a111d36ca8a32421f15a44b9411019830d2a3de2',4,3,'MyApp','[]',0,'2021-10-12 19:30:32','2021-10-12 19:30:32','2022-10-12 18:30:32'),
('743a9f51438d82f2fa05b22ca534304344439b2de370a09f3b9b905941faa7f58d5466c029ce510d',4,3,'MyApp','[]',0,'2021-09-02 19:41:29','2021-09-02 19:41:29','2022-09-02 18:41:29'),
('7582d01247e6560e110caa8bcc6e49d0ecc4d5924beb658cc2236c80444dde208b6f67e4db29a156',12,1,'MyApp','[]',0,'2021-02-02 21:43:38','2021-02-02 21:43:38','2022-02-02 19:43:38'),
('7586eb620f9dbb8609bb785f55950b36bc78bfbd501ca0e3ace95c1cc053fc3d42fa50c9a379cc94',4,3,'MyApp','[]',0,'2021-10-13 04:33:27','2021-10-13 04:33:27','2022-10-13 03:33:27'),
('75b893306746574346e867eadeb929bc4e3e208a60f30f7073c3d0885dc9d63effc8939afc1f99fb',3,1,'MyApp','[]',0,'2020-12-10 20:27:04','2020-12-10 20:27:04','2021-12-10 18:27:04'),
('76914b8252d989edf7d81b8378e33f5c3ab403f381c86eed0afa18d82a2f2c7e018edaf98068178e',4,3,'MyApp','[]',0,'2021-09-22 18:40:24','2021-09-22 18:40:24','2022-09-22 17:40:24'),
('77c165b1386bcfd351d68f4c425b7e7964ca9ef0edfac0e3df08089bf3a6aeaeb64cf85bdb65a77e',21,3,'MyApp','[]',0,'2021-02-16 11:02:20','2021-02-16 11:02:20','2022-02-16 09:02:20'),
('77e8cb43cec09708bb0033242cf3844afeb10eefb67b8c72de94a781f26145322103361be20c5576',4,3,'MyApp','[]',0,'2021-09-03 22:10:25','2021-09-03 22:10:25','2022-09-03 21:10:25'),
('7839127e9083d283c9ce6bb906e156f04ef4c24f6bc7d2a53b09005c9bd0fe15d7a8981e6af4c427',3,1,'MyApp','[]',0,'2021-02-06 08:43:45','2021-02-06 08:43:45','2022-02-06 06:43:45'),
('7950fde4c311bd37910cd72cee41b265d486f6c1a8c58a35d01369f426eecbb0b1791f080b031099',10,1,'MyApp','[]',0,'2021-01-27 17:25:38','2021-01-27 17:25:38','2022-01-27 15:25:38'),
('7973dc058b228c8ef3856a40a92946ab166f497f93225b85cc182246e01d8bcd19a9b87b26a75a7a',30,3,'MyApp','[]',0,'2021-02-21 16:46:48','2021-02-21 16:46:48','2022-02-21 14:46:48'),
('7976f91193b63ffabd916dd0ee049fa0f8d63ca7b22de04080ddac7da1dc4423ed907e04f60cae9e',36,3,'MyApp','[]',0,'2021-10-12 16:12:38','2021-10-12 16:12:38','2022-10-12 15:12:38'),
('7ab787866a312596f58a672e8cb3756c223164328b1cac774d9357ef0a687535a6d9a92a9476c7b9',4,3,'MyApp','[]',0,'2021-06-23 18:04:43','2021-06-23 18:04:43','2022-06-23 17:04:43'),
('7b1b71f5ac9d30a3b734ee06d92640b836bf061268f371bae8888d311fb9d002ee2357cfa09bce9d',16,1,'MyApp','[]',0,'2021-02-05 17:20:05','2021-02-05 17:20:05','2022-02-05 15:20:05'),
('7b2e7434ab41f1c34baff6665db99b26161a18fb7d697160d742733fdd4cccd448bf0892f7f58c6f',4,3,'MyApp','[]',0,'2021-10-13 16:50:06','2021-10-13 16:50:06','2022-10-13 15:50:06'),
('7bb2dd9fe2989b95697a3455b25166983cfe610fbdd6ad1eaf86e3dd7eba2eb09ced68d7f2d0a78c',36,3,'MyApp','[]',0,'2021-10-13 15:23:55','2021-10-13 15:23:55','2022-10-13 14:23:55'),
('7be1fa9f11504c86eba05b0a88c1221ca73fded9eda4a58e0efc21f8079d6909c9d3bf2584e2a88d',24,3,'MyApp','[]',0,'2021-02-16 11:24:02','2021-02-16 11:24:02','2022-02-16 09:24:02'),
('7c7b5e946fbc1e923306b59d1f05fce961ec85fc6f6fb21f8e4dc6bb4cb267a702af44a7ccd70ac3',30,3,'MyApp','[]',0,'2021-02-21 17:03:09','2021-02-21 17:03:09','2022-02-21 15:03:09'),
('7caa13ce197b16a9325878bdb3c4af82b7e95743ace179afe0bf6bc48d6b2e334468e38d19505bb8',12,1,'MyApp','[]',0,'2021-02-02 18:19:00','2021-02-02 18:19:00','2022-02-02 16:19:00'),
('7cd02631fbe27e91c2bebf84bdb4cf1919a85d65bcaab850d8149dda9b4f443eb070b8113e77ce92',1,1,'MyApp','[]',0,'2021-02-03 10:34:21','2021-02-03 10:34:21','2022-02-03 08:34:21'),
('7ce06d42d13cdc395060b548305b4419042b60d895a2035bc49905ace3f4e34a121b482ba6f0c25b',4,3,'MyApp','[]',0,'2021-07-22 15:08:02','2021-07-22 15:08:02','2022-07-22 14:08:02'),
('7d4f3232a2340a425c36d8e294f507ef3d28ecab4231c0ae86947070f4c19e0013dd4963c076920d',1,1,'MyApp','[]',0,'2021-02-04 04:00:28','2021-02-04 04:00:28','2022-02-04 02:00:28'),
('7f87486af1f62f9d855dd58bbf986a8c0707af07ea4c6f731b5d5b00ba8d71f99ae5d338768214b8',26,3,'MyApp','[]',0,'2021-06-23 18:15:57','2021-06-23 18:15:57','2022-06-23 17:15:57'),
('80314ca104da52527f090d4bf5116bd24f1db2da59db09f28994aa13149871406825f51d9b5dd043',4,3,'MyApp','[]',0,'2021-09-22 18:49:37','2021-09-22 18:49:37','2022-09-22 17:49:37'),
('812213dc71f6e50926dcce7959138d52464270625ca7cc3e5ba0007af6573a0dc59e94206513bdfc',4,3,'MyApp','[]',0,'2021-09-06 02:42:02','2021-09-06 02:42:02','2022-09-06 01:42:02'),
('8269a38d7313e1f642e3781d255362f51dea41c1d63259898c54ccfd9e18d7cb6f0db08ba9d59197',14,1,'MyApp','[]',0,'2021-02-06 08:42:56','2021-02-06 08:42:56','2022-02-06 06:42:56'),
('8307cb8130b1b7d7a6f004cb10bbbff8699937baa79ee0eb26b8962c50cbf895c303d5f78fa86098',12,1,'MyApp','[]',0,'2021-02-02 11:50:02','2021-02-02 11:50:02','2022-02-02 09:50:02'),
('83a03810a4037a842cf25bb73f352e738b9f7f222e52f2c6da76be6e8ef938dceb6cda15be37b5ac',3,1,'MyApp','[]',0,'2020-12-07 06:33:59','2020-12-07 06:33:59','2021-12-07 04:33:59'),
('842463129945303bcda782d67adf60a61b99cc040f2d8ecfec7cc9e12744b8cdbed5948ffbf0c268',3,1,'MyApp','[]',0,'2020-12-04 16:48:10','2020-12-04 16:48:10','2021-12-04 14:48:10'),
('859ddbbeb0600cfa69b4c1fcfd4570cc18317a48aae01cf918fcf9695fac8410445a365539d0fdae',1,3,'MyApp','[]',0,'2021-02-21 07:13:12','2021-02-21 07:13:12','2022-02-21 05:13:12'),
('87dd6125e71244652e62fc0589516b3ada468e2b17c29e6ae4544c9adc8bc467e04d96f5737e15c1',44,3,'MyApp','[]',0,'2021-10-08 08:43:39','2021-10-08 08:43:39','2022-10-08 07:43:39'),
('87fcfe58aec76a9b227e510480c4a43be10116597d6f037500cec27de38302d34757ebbffdbf2a20',41,3,'MyApp','[]',0,'2021-10-13 04:07:47','2021-10-13 04:07:47','2022-10-13 03:07:47'),
('883b9b88cbdb36b3b943afb0fd173575fbf491ef7ac6ae769b49dd39c6ad4174c6e2d3d104195ae3',4,3,'MyApp','[]',0,'2021-08-10 18:54:06','2021-08-10 18:54:06','2022-08-10 17:54:06'),
('884fa79dbcbdc890a0151169375b6e95f874d0529dd01b97f46482f752360d921fbb36e61e85c496',4,3,'MyApp','[]',0,'2021-10-14 20:28:01','2021-10-14 20:28:01','2022-10-14 19:28:01'),
('8908af81b5ffc6d67fc48b18ac919a955f6000911df16e08638ef957ab0d0e7e2d4ac753a419c247',4,3,'MyApp','[]',0,'2021-09-29 00:44:07','2021-09-29 00:44:07','2022-09-28 23:44:07'),
('894ac4aaa989fcc9599670aadeeb36d04c889e58e6d4220200eddba86839296c7f705a95e4f03c89',3,3,'MyApp','[]',0,'2021-02-21 18:08:41','2021-02-21 18:08:41','2022-02-21 16:08:41'),
('897a5ad4549c65d92824ca66c088a3754cb86dfe1bf1a1f189d4c8539c089395aac9e1ef2f43e40e',20,1,'MyApp','[]',0,'2021-02-05 18:14:29','2021-02-05 18:14:29','2022-02-05 16:14:29'),
('89948f5152cd141b6003a9bf992f56e093bee72e1fd90a98223da1591e9e71042545adadc4fe853f',36,3,'MyApp','[]',0,'2021-09-22 06:55:59','2021-09-22 06:55:59','2022-09-22 05:55:59'),
('8bc4a852c0529e6474fc7e1efbcae1ec4cc898225b36b3a7c2cb701a9d4f88298b88020c59312fe2',14,3,'MyApp','[]',0,'2021-10-08 09:45:43','2021-10-08 09:45:43','2022-10-08 08:45:43'),
('8d9266f536ea9e0d25f825d01be3593fb424f63f681e2aed3db2dc47f25dfef7d11132090523055a',14,3,'MyApp','[]',0,'2021-10-08 08:39:19','2021-10-08 08:39:19','2022-10-08 07:39:19'),
('8ea2204feb293695fd65444795068b70bfe2a29a3a13a9cdc1c8284feb1f52df7c479c341bf95eb2',12,3,'MyApp','[]',0,'2021-06-02 14:50:25','2021-06-02 14:50:25','2022-06-02 13:50:25'),
('8ec2db38132e4b313223aaad4a7f61de2adf0fb8cfb08d4e2d4d6141f43a63853fe9c64158fec57e',1,3,'MyApp','[]',0,'2021-06-02 21:43:38','2021-06-02 21:43:38','2022-06-02 20:43:38'),
('8f80e1b2322dc135fd1f7c6dbf75a25d95fb35c14c0b0478eb649f12e9e9d2b35446394251b2e2cb',4,3,'MyApp','[]',0,'2021-09-05 11:14:42','2021-09-05 11:14:42','2022-09-05 10:14:42'),
('8fa8fad0d51f8c96608119eb3219f040325d11678ba42e3f6d8a504720a8d9ddee3464a8ae129d9e',15,3,'MyApp','[]',0,'2021-06-16 09:59:23','2021-06-16 09:59:23','2022-06-16 08:59:23'),
('8fb77741de369145c04454f0e40a304692770210ad48d0080bbbe5356a9fd9c6f4320eaac257e2c0',3,1,'MyApp','[]',0,'2021-02-06 08:46:14','2021-02-06 08:46:14','2022-02-06 06:46:14'),
('904d0ccfdfff1bb05db0280842124627a5bb9fcf67064db1d1f28c0b16567f5c7ac1fce5a9b9e7dd',12,1,'MyApp','[]',0,'2021-02-02 12:05:25','2021-02-02 12:05:25','2022-02-02 10:05:25'),
('914da966c3817d1da55adb08bb03e7e33023a60a9ec0a64aa3df5ac711c3fcc3e6883a290b38c397',36,3,'MyApp','[]',0,'2021-09-22 15:11:47','2021-09-22 15:11:47','2022-09-22 14:11:47'),
('915b678ff1974f86b4c42485b8171a644641cb2b3865e86eeaa2c5de346ffdb42c7ab95f9bc48d54',15,3,'MyApp','[]',0,'2021-08-04 01:37:43','2021-08-04 01:37:43','2022-08-04 00:37:43'),
('9282b3d1296b1186121b982581ac7cbd92abe586a4bf8a4f3fb44a38d199ba2aefd92ffbf0f48a7e',4,3,'MyApp','[]',0,'2021-08-19 17:50:48','2021-08-19 17:50:48','2022-08-19 16:50:48'),
('932b26f13b529b306f86a8604a5ccfbd257728f4da5d4df80ab8bee021956f305b4c914cc425f2ed',4,3,'MyApp','[]',0,'2021-08-29 19:55:32','2021-08-29 19:55:32','2022-08-29 18:55:32'),
('93a4d1e126a5504e3aa27794d23025930bc3c672a048b1342b79b00b040ea7a5992c8a6dcf76eed3',4,3,'MyApp','[]',0,'2021-10-01 13:34:53','2021-10-01 13:34:53','2022-10-01 12:34:53'),
('94bc829ca89c434736745711de7f2cc016b1c3ed9f8b2caeb965b77f90fc2d6ed7da5b86cde744f3',1,3,'MyApp','[]',0,'2021-02-21 16:42:22','2021-02-21 16:42:22','2022-02-21 14:42:22'),
('94c839ba47769e1af2ca40269f36aa70faccd4c7ed130642054808b3625877a094a187b937773707',17,1,'MyApp','[]',0,'2021-02-05 17:21:29','2021-02-05 17:21:29','2022-02-05 15:21:29'),
('94f5ce8ab62ae8f3640cefed34f6eaf3c611cdcc71bdd2c9e545d55b8bac6bf05c052b8440de6981',4,3,'MyApp','[]',0,'2021-09-01 18:08:07','2021-09-01 18:08:07','2022-09-01 17:08:07'),
('958b2e8261ac5fdcb8d8578d5ff932bdccff92a3e98491a791b1b5c01db4731b4c8c5df9b6483487',25,3,'MyApp','[]',0,'2021-02-16 11:24:58','2021-02-16 11:24:58','2022-02-16 09:24:58'),
('95e402a32ab725a24de07c63beb591d722f12e33f982c047fba7087b20169cbb677725a7798e3848',4,3,'MyApp','[]',0,'2021-09-17 17:02:24','2021-09-17 17:02:24','2022-09-17 16:02:24'),
('96cebecc600045f2a1c6f1210f5ec4a412cdcf82f7efa9f2e9404aedb2d5bb15d9af7cc2a2efa129',12,1,'MyApp','[]',0,'2021-02-02 18:19:22','2021-02-02 18:19:22','2022-02-02 16:19:22'),
('9702bad4ddfac83e34ff4233fc713179595cef0fd1882f8df26304792a832d90e83aa6f6c1b32688',1,3,'MyApp','[]',0,'2021-10-01 13:36:31','2021-10-01 13:36:31','2022-10-01 12:36:31'),
('975f2b46f8fde594a84bd8af0dd88a329edcd8697034d0264e967a3e989803e23e30c20420c94a9c',3,1,'MyApp','[]',0,'2020-12-19 15:31:56','2020-12-19 15:31:56','2021-12-19 13:31:56'),
('978f61ed637929b419ede19a0b89cd3ea2dc3fc62ad698a6577bef56653b4b1709d399cd8fb3aed3',1,3,'MyApp','[]',0,'2021-06-16 15:26:27','2021-06-16 15:26:27','2022-06-16 14:26:27'),
('98f9bcd43a3a55f82ab2e95de65b064dfce5e3ec3bad5ae1342432598236529203805a9e5263b885',1,3,'MyApp','[]',0,'2021-06-02 21:54:01','2021-06-02 21:54:01','2022-06-02 20:54:01'),
('992280e5b474df74047389ee41ffed4ca64dbd3095d194f30f0639a4903b1458120414a89aab7994',1,3,'MyApp','[]',0,'2021-09-17 09:50:25','2021-09-17 09:50:25','2022-09-17 08:50:25'),
('9936ef7ad6a7958e08de793238b4654bdce021df8f807dff8ee4670916ae6dedf23cb1b20e5a4af9',36,3,'MyApp','[]',0,'2021-09-22 12:52:48','2021-09-22 12:52:48','2022-09-22 11:52:48'),
('99be07347bf4575b949738b198ce1a78c175b6f0efffaada759d946441d8127225d2dd6bed24582a',4,3,'MyApp','[]',0,'2021-06-16 11:42:05','2021-06-16 11:42:05','2022-06-16 10:42:05'),
('9a1fc7d2a414f3723325a9d8af076605e3c7381578dd843c058bfcc2acb21f1b94349db6d827adb8',44,3,'MyApp','[]',0,'2021-09-17 17:01:46','2021-09-17 17:01:46','2022-09-17 16:01:46'),
('9a86ee8f140f242a4a274265167077eabd9b5c82df3f2fefe3809a6edcfee5087fb54ad0a11025b1',4,3,'MyApp','[]',0,'2021-09-30 21:15:01','2021-09-30 21:15:01','2022-09-30 20:15:01'),
('9b312dfaf53c4370a6f8638b68da34b3d8e135451f5bfaa01a31148c374ed9bc78871719ff257abf',41,3,'MyApp','[]',0,'2021-09-02 11:43:42','2021-09-02 11:43:42','2022-09-02 10:43:42'),
('9b36303a52199fd8006dee93ccb10d1b92371c3fbf0e9d655bb28a05a16aab3e54f8f6a55e1bb8db',6,1,'MyApp','[]',0,'2021-01-27 17:20:38','2021-01-27 17:20:38','2022-01-27 15:20:38'),
('9ef9c5f08257015b821a9bcb1b9358e2e5d29a1b2b6d2f4930e14ea3398574c1c60cd27aaddfa451',1,3,'MyApp','[]',0,'2021-09-02 19:41:57','2021-09-02 19:41:57','2022-09-02 18:41:57'),
('9faa601c6e3b8979b40d42935d05bfb8410846bf097a87d3efc30bea6acf1b6bca0c8b8034c2bd16',22,3,'MyApp','[]',0,'2021-02-16 11:23:43','2021-02-16 11:23:43','2022-02-16 09:23:43'),
('a01596859b5de25d4d08c040345d7a4c7fda516e7ddafb5407ba6deeeffe1fc5aee6389c36dc8a6c',39,3,'MyApp','[]',0,'2021-09-02 11:40:58','2021-09-02 11:40:58','2022-09-02 10:40:58'),
('a027fbf400ff5e9d66dd7d641e648b8d52d0872867c4fdea9eb8a4f5b5ddde59ea5706add8c8a1bb',15,3,'MyApp','[]',0,'2021-06-16 09:39:53','2021-06-16 09:39:53','2022-06-16 08:39:53'),
('a2ffd84f060b26b2f5bba0c204d82106781e44583201d22242b5ef7632e1cc9242a8e023479a9ee6',3,1,'MyApp','[]',0,'2020-12-05 07:50:57','2020-12-05 07:50:57','2021-12-05 05:50:57'),
('a4cfd0ac3df634522d36da99286c08d8b037436fcda033f6c23cc843c41c2e56a76566c6f42c4bb8',1,3,'MyApp','[]',0,'2021-06-02 21:33:08','2021-06-02 21:33:08','2022-06-02 20:33:08'),
('a5eb09ac11f9ea22abad3c79ab01effbb932ca270839f6c79b445f967e17fcda5a3df740172bc196',12,3,'MyApp','[]',0,'2021-06-02 14:54:41','2021-06-02 14:54:41','2022-06-02 13:54:41'),
('a73e0f464481acc9c5363f2f21ae8ca7ccd61fad7c08631f8ca21ec0803af4b067f6095bfd0bd2d4',3,1,'MyApp','[]',0,'2021-02-05 18:29:33','2021-02-05 18:29:33','2022-02-05 16:29:33'),
('a942052f1d8e662a5df4858691fe723c7a3273cbf5ec1cbe80955b8a578ea9ee5381ca834ea02171',4,3,'MyApp','[]',0,'2021-06-16 10:49:16','2021-06-16 10:49:16','2022-06-16 09:49:16'),
('a97dad862963f615e2044534013f5b65e163e578358611c24ba94c7a80c76fd63341112a8c57e886',3,1,'MyApp','[]',0,'2021-02-06 08:19:09','2021-02-06 08:19:09','2022-02-06 06:19:09'),
('a9d72fbee111731947e8f22f93443413b4e2cf68fe8fad75f56c3edde785225d156b27aa8cad9031',14,3,'MyApp','[]',0,'2021-10-08 08:43:49','2021-10-08 08:43:49','2022-10-08 07:43:49'),
('aab4c0acc1b7910c792d7dcf750f2392ed1b0e89458a143a634bd3c977e9e4fd28a03e24ff248686',1,1,'MyApp','[]',0,'2020-12-19 15:39:53','2020-12-19 15:39:53','2021-12-19 13:39:53'),
('aaecb4abf1c273d9ddff6ef85e27c62bae264cd2be6cb6e5fab922b08c33945ea8446e6e0fbb5d84',44,3,'MyApp','[]',0,'2021-09-17 17:02:11','2021-09-17 17:02:11','2022-09-17 16:02:11'),
('ab979adc1c17f45e4f14a610ee5852c2120e637a2238dce24de768832b62dbd10cdd71ed6e194804',4,3,'MyApp','[]',0,'2021-06-16 09:38:58','2021-06-16 09:38:58','2022-06-16 08:38:58'),
('ab986d1c0198ef96ff7eae8592984c65840764356768e96a92a680d0332cb1e2c71e49f934abf4ad',1,1,'MyApp','[]',0,'2020-12-04 16:44:44','2020-12-04 16:44:44','2021-12-04 14:44:44'),
('ae1d3ffcdd69b28048c5a0e5047e4ab212854755a4672caaa94ae057b921de66bf7ac9c023f38f25',4,3,'MyApp','[]',0,'2021-10-14 18:19:33','2021-10-14 18:19:33','2022-10-14 17:19:33'),
('b0056205a07f35e1393e16f71925612722e816bf6ddb79ea7e4a06f2d9f5cbc022668d2cb459e4e4',8,1,'MyApp','[]',0,'2021-01-27 17:24:01','2021-01-27 17:24:01','2022-01-27 15:24:01'),
('b086d8e22abebe1c2ee0ab88a6884cc9189a2c7a7a12812d3f6f825efb96286889529e85ef7bd1ff',36,3,'MyApp','[]',0,'2021-10-14 14:00:54','2021-10-14 14:00:54','2022-10-14 13:00:54'),
('b0dd92802b61c3a3271583db7b249ade84f6c80e55bcd79eb16755aca58a8ff5a94c2f2604b60420',12,1,'MyApp','[]',0,'2021-02-02 12:34:40','2021-02-02 12:34:40','2022-02-02 10:34:40'),
('b3773491aca6c6d63a81cfc99dc642aa08be5f1911ce2819ca33af92c5acdf879caff15545856a04',4,3,'MyApp','[]',0,'2021-09-23 19:11:02','2021-09-23 19:11:02','2022-09-23 18:11:02'),
('b43c47886c821fed3438bfcc79e0828a404751c448e44d3c5061d3ff9e5aabaf2076222e97a2dfdb',12,3,'MyApp','[]',0,'2021-06-23 18:21:51','2021-06-23 18:21:51','2022-06-23 17:21:51'),
('b53070a2f0155d485ff19d0afd2bd8fa7e0992647574ea6bf2fb2bb37367cc5943db13c4046b9cc0',41,3,'MyApp','[]',0,'2021-10-13 04:09:03','2021-10-13 04:09:03','2022-10-13 03:09:03'),
('b5de72ffbf0c51d32339b766d27f8d56a03b2b3d1c5aa3d845c24eaf8f956205f848c9bd255c8b30',41,3,'MyApp','[]',0,'2021-10-13 10:18:37','2021-10-13 10:18:37','2022-10-13 09:18:37'),
('b73fb875e988c77c7cb5fb590b6106b78c76c69e7f11c3cf173c566f3a0b9a21ecd1c92992561bac',1,3,'MyApp','[]',0,'2021-02-14 02:23:54','2021-02-14 02:23:54','2022-02-14 00:23:54'),
('b98cf03cb48ffaffea7738055e8a8411b341d24aad9183265a589cd6fa1b203d760f64111f0eb848',4,3,'MyApp','[]',0,'2021-08-24 23:37:35','2021-08-24 23:37:35','2022-08-24 22:37:35'),
('bc1db47740f0a3c06456ee75ba6a23918501a28668548f2b3db43aadfc3499651ac17e17d1668dde',12,3,'MyApp','[]',0,'2021-06-21 08:55:43','2021-06-21 08:55:43','2022-06-21 07:55:43'),
('bc42a0df51f5c7ece40ab6de123ec1d74d505481ef8f12e3fad6ff1011d4ad4fe93d3f6be2b91ccb',1,1,'MyApp','[]',0,'2020-12-19 16:28:00','2020-12-19 16:28:00','2021-12-19 14:28:00'),
('bc89b384c531db3ba37cf288baad15998a097b52c05401011737bd71258db81c21dad891aad4ae41',20,1,'MyApp','[]',0,'2021-02-05 18:12:43','2021-02-05 18:12:43','2022-02-05 16:12:43'),
('bc9b239e5b0141bef3bfd6aa1e7952a1815c79544f513adf9fe55a03df844b1fdfd4c258bce20d80',1,3,'MyApp','[]',0,'2021-02-11 16:48:34','2021-02-11 16:48:34','2022-02-11 14:48:34'),
('bdbb59ecc47d2ed8575d73c89e440bc203ebc8fb7951dbd75a7d9952e8a6c04a2096cc207df6335c',4,3,'MyApp','[]',0,'2021-08-24 17:29:28','2021-08-24 17:29:28','2022-08-24 16:29:28'),
('bed7eb783b66be5961776f937b282810950e109ac0eff7ba039f67477d5f130fa0d2ae39556cb353',3,1,'MyApp','[]',0,'2020-12-06 19:10:48','2020-12-06 19:10:48','2021-12-06 17:10:48'),
('bf421a60e220ecaeb31b3758a7d2bc4281f902d390eae867915689d9494543f7cf33ff7a808de630',36,3,'MyApp','[]',0,'2021-09-22 11:50:39','2021-09-22 11:50:39','2022-09-22 10:50:39'),
('c0f3e690c94a316724f470265d7daf32027f7cb443f10af67e638029940027389f08661e8f3c740c',12,1,'MyApp','[]',0,'2021-02-02 11:51:52','2021-02-02 11:51:52','2022-02-02 09:51:52'),
('c149cc824dac4f0227df2a7a8fc811a4dc0c48c71b199f50f0548ed63a6a909e45773253c9d2197b',1,1,'MyApp','[]',0,'2021-02-08 20:32:02','2021-02-08 20:32:02','2022-02-08 18:32:02'),
('c240900a968788254356bca649786edad2adf82107fac76057804147296db629398633a2b7b2ed16',12,3,'MyApp','[]',0,'2021-06-25 11:46:44','2021-06-25 11:46:44','2022-06-25 10:46:44'),
('c42f91eba40192f932bc624b9e4c6cebf7d97b296bb999ee42f4eda18a048afb06fc3f9c5c1d4d9a',1,1,'MyApp','[]',0,'2021-01-29 07:39:16','2021-01-29 07:39:16','2022-01-29 05:39:16'),
('c57e161007cdca89b1f61843042f49d8a2c3b4c16f9f21f1f2218454ec7cd377088f88b77177c42b',1,3,'MyApp','[]',0,'2021-06-16 09:23:15','2021-06-16 09:23:15','2022-06-16 08:23:15'),
('c5e5ce29b36d3ad51c784597a38dfeca3e97c1d0064346a0bb964fd91699b6315e4a662415614afd',36,3,'MyApp','[]',0,'2021-09-22 11:42:26','2021-09-22 11:42:26','2022-09-22 10:42:26'),
('c619306bca4fde226f6d7c2c68b8f23033228e0ad5ed7272d5be564c590017b3f33142d05b6319e0',36,3,'MyApp','[]',0,'2021-09-22 11:57:28','2021-09-22 11:57:28','2022-09-22 10:57:28'),
('c7001c649d9054c30506a973144cbc5d3df4a48a60cc750d9b28acc46c8e0c905c06e0d7a35e1541',12,1,'MyApp','[]',0,'2021-02-02 18:25:18','2021-02-02 18:25:18','2022-02-02 16:25:18'),
('c8a5563ddb32fc848a5725a75798b70a366225e3941019c8b4cb46153d3ca8cb1a637afad82b55ed',1,1,NULL,'[]',0,'2021-02-11 16:41:59','2021-02-11 16:41:59','2022-02-11 14:41:59'),
('c983adf9e7751b2940abe1e7bfccc0a73d0c0be5a10cb9758dc1e0ff7db054ce4841acd24672b2ad',1,3,'MyApp','[]',0,'2021-02-11 20:10:11','2021-02-11 20:10:11','2022-02-11 18:10:11'),
('caa4f4639677935d919974df591b76fb0240ba4232355bbb8a27b914d30844cd69ac1241973d9fb2',12,1,'MyApp','[]',0,'2021-02-02 11:45:30','2021-02-02 11:45:30','2022-02-02 09:45:30'),
('caa8f57bd4b4ca0bc3bc6f6a22fffdc68603a67361358275f91a36567014aa3a7f49103e70ecbcde',36,3,'MyApp','[]',0,'2021-09-22 20:29:13','2021-09-22 20:29:13','2022-09-22 19:29:13'),
('cb478bf7fc5680cf5297e0cb63712cd2633c815007f7227d6b74eb2529e6ea2d54576f476745e922',3,1,'MyApp','[]',0,'2020-12-10 15:32:04','2020-12-10 15:32:04','2021-12-10 13:32:04'),
('cbdd80028a9242f546682dd3d9b91c211a74e616ff62ea395d495e9ef2c28e00e050b9e933719b99',3,1,'MyApp','[]',0,'2021-02-06 08:30:07','2021-02-06 08:30:07','2022-02-06 06:30:07'),
('cc1644f31c19ab3444ee76f3d444b1939bcb07430adb76549d2695d78f1edff7bbc8971ddfe34fa5',36,3,'MyApp','[]',0,'2021-09-22 11:43:08','2021-09-22 11:43:08','2022-09-22 10:43:08'),
('cc5e93e6cc33a32e63086c7fb64695cde2e3821f5dbcfa6df538fbae1ef56dd5f352154e029300f5',36,3,'MyApp','[]',0,'2021-09-22 06:52:51','2021-09-22 06:52:51','2022-09-22 05:52:51'),
('cde5403099a35baf3ae24f5aa3f7e0d9577b5c9f643298274eaca7e1cce568610ab9cb4dc7091980',1,1,'MyApp','[]',0,'2021-02-09 07:55:19','2021-02-09 07:55:19','2022-02-09 05:55:19'),
('ce2e72238ee3d74d3d2cedeb71eaa23d4d31263957b742e4e3d8d69bf74d6b7d18cdb05b3dbdc1ed',1,1,'MyApp','[]',0,'2020-12-10 20:26:46','2020-12-10 20:26:46','2021-12-10 18:26:46'),
('ceb94c5cfb7e490f3fa7d564c810218978b411a14d0078c5a713b904d6dbfe2981361e3e48c8edb1',1,3,'MyApp','[]',0,'2021-06-20 16:02:20','2021-06-20 16:02:20','2022-06-20 15:02:20'),
('cebcd2ffcbed4a14c482bfdc81e4974f818724f5bfc184d058c224ae7aa1e8187c35b5a2ae71efdf',36,3,'MyApp','[]',0,'2021-10-14 12:32:42','2021-10-14 12:32:42','2022-10-14 11:32:42'),
('d1443fb7434d636dff54a02bb5d3dd604aeb5f4c4c21a0df12a556146a94f31d24284dce4d9d7671',1,1,'MyApp','[]',0,'2021-02-02 09:18:44','2021-02-02 09:18:44','2022-02-02 07:18:44'),
('d18cb2c7d9e632fec96d5a13baf6e6ad43cd851d96b0c266571ad4b2af497f520309eec0aa8d75bf',1,3,'MyApp','[]',0,'2021-09-15 02:43:01','2021-09-15 02:43:01','2022-09-15 01:43:01'),
('d44ffafeef321799c89efaef38e252b29495335661ba3196bfcae35f6b93165e541274feaf6df78d',12,3,'MyApp','[]',0,'2021-06-02 14:47:49','2021-06-02 14:47:49','2022-06-02 13:47:49'),
('d499df1463889c09af7dfd8eeaf67d4120f407c3f0558494784a29b567e6d063ebcd351c3ffe9d7d',12,1,'MyApp','[]',0,'2021-02-02 12:27:41','2021-02-02 12:27:41','2022-02-02 10:27:41'),
('d4afa65b2ce07209b8d1ca29474e7a2a6f46aee818f46c65eaf20150d4ea9b9050ab5e254fcd15b3',4,3,'MyApp','[]',0,'2021-09-17 19:34:57','2021-09-17 19:34:57','2022-09-17 18:34:57'),
('d4f00f55d95fcb0899c2cc6ecdf12b6b8f60a00fdda40f7e18983456ff02d03d3e59fd2054c61ded',4,3,'MyApp','[]',0,'2021-09-03 22:17:06','2021-09-03 22:17:06','2022-09-03 21:17:06'),
('d601ac65bb01a500b91117cf8536b8b895108dd4c33a3dadcd233edba1e944ee68d79a845475f456',1,1,'MyApp','[]',0,'2021-02-03 15:27:20','2021-02-03 15:27:20','2022-02-03 13:27:20'),
('d6bb2e076a5600eec437b676ac2ac850a2fdb3e7409ffc1ed716e341716e278f9fcfed57ee839de5',14,1,'MyApp','[]',0,'2021-02-06 08:31:04','2021-02-06 08:31:04','2022-02-06 06:31:04'),
('d6f95816ebf82989bcf1eb6a5ba0859af34e19eb9dd72f9919df84e331b838a7e7adb2c8acb0ddde',4,3,'MyApp','[]',0,'2021-10-14 11:03:54','2021-10-14 11:03:54','2022-10-14 10:03:54'),
('d712e79d727bcef8a9cca38f0bc530042b1c7f354e951432b5df8cd48bc43389a548bcfe79849b6d',4,3,'MyApp','[]',0,'2021-07-26 02:55:15','2021-07-26 02:55:15','2022-07-26 01:55:15'),
('d7c11d05624b263b4e118adb048aaf4914ff6ef0a9a2720969cdea05949f2284d4b71024b18588ce',36,3,'MyApp','[]',0,'2021-06-25 03:20:17','2021-06-25 03:20:17','2022-06-25 02:20:17'),
('d9d667afbd20bbc935cfa5dd25f6376ac2974d31c5a2fbaa2a0b30a974bfa688df1bbe8ad55dc911',36,3,'MyApp','[]',0,'2021-10-12 15:58:50','2021-10-12 15:58:50','2022-10-12 14:58:50'),
('da83c578c399e4687ba720b981180fc2ae08a9abb7a2ac07cdc7cda690d568e27404c3ea9779ded5',1,3,'MyApp','[]',0,'2021-06-03 15:37:52','2021-06-03 15:37:52','2022-06-03 14:37:52'),
('db93d8c130f60bdcec6cf9089497e2d475f4e55c74827a7bae37b87004eb94b6f40b95fd28d1ee67',29,3,'MyApp','[]',0,'2021-02-20 16:01:22','2021-02-20 16:01:22','2022-02-20 14:01:22'),
('dbc4adba31c682f61ac0519c158967d4cb73c2b8348cebc6e2fc5d4b0df83e002cb15f4729054f95',44,3,'MyApp','[]',0,'2021-10-08 08:41:40','2021-10-08 08:41:40','2022-10-08 07:41:40'),
('dc155b32a07b40956fd39133f1ffd4e3548f0ab6b5ba85475db776d6a2851c866e6224fa7c886007',4,3,'MyApp','[]',0,'2021-10-13 09:34:41','2021-10-13 09:34:41','2022-10-13 08:34:41'),
('de95db4d261d05407e48d3718c27db4a166e605aa108f6f29d0994ba5a77be9418154efe47ab4626',4,3,'MyApp','[]',0,'2021-10-16 11:21:32','2021-10-16 11:21:32','2022-10-16 10:21:32'),
('e00d3d7fe64bb0b15a35a18bda1b1669903d436e92f59140b9951fdee96c1e85a74ad74bff40a839',1,3,'MyApp','[]',0,'2021-06-02 22:09:19','2021-06-02 22:09:19','2022-06-02 21:09:19'),
('e028961f32b987e0010e8495136b48247f69987520471c8363c9d7cadffb293fe237ea13f63bb0f9',14,1,'MyApp','[]',0,'2021-02-06 08:40:13','2021-02-06 08:40:13','2022-02-06 06:40:13'),
('e1a1b5d40f3578fa4e3318c1620a0ed9040d0818727be31bc69f74c8658a441ee310a9d6c538129f',12,1,'MyApp','[]',0,'2021-02-02 12:26:23','2021-02-02 12:26:23','2022-02-02 10:26:23'),
('e2b8b9897e0be83be00fb71c4fae65721adf23c7c83b6dd7d8eb8511fc7495843fcb91144f723e26',12,1,'MyApp','[]',0,'2021-02-02 11:48:27','2021-02-02 11:48:27','2022-02-02 09:48:27'),
('e30bb85bcabb548bd92a6c3a3feee32bdfde21a54ed953f9b75553a85f4bec3111b36784377de950',1,1,'MyApp','[]',0,'2020-12-17 15:06:55','2020-12-17 15:06:55','2021-12-17 13:06:55'),
('e398266f502c6b9d0b4230985ef81894e977420c4d60d6801b4e33cd068dbef376371832e7bc4aca',4,3,'MyApp','[]',0,'2021-10-01 13:31:03','2021-10-01 13:31:03','2022-10-01 12:31:03'),
('e3ee31c564aa2f31dd33aa06abd5253c692384e018bac3f4b6da300d37e6c18701b6a15841c1bc87',41,3,'MyApp','[]',0,'2021-10-13 04:08:15','2021-10-13 04:08:15','2022-10-13 03:08:15'),
('e4695c4057eb552e4a6bc8511ea8d05b8325a9a0775896e986d704967e564b508d0dee251f0c6e6d',12,3,'MyApp','[]',0,'2021-06-22 18:52:09','2021-06-22 18:52:09','2022-06-22 17:52:09'),
('e4bc70a0212a8e62988475c01fad495acda4b89538905c0b97918920a2c3ac09438816086d4a8152',36,3,'MyApp','[]',0,'2021-10-12 16:13:37','2021-10-12 16:13:37','2022-10-12 15:13:37'),
('e55c6cddbe9291ae55f522680548882829453552d55e83a8955537be87bef8d11e426adbeb2b6f00',1,3,'MyApp','[]',0,'2021-06-02 21:54:19','2021-06-02 21:54:19','2022-06-02 20:54:19'),
('e5770bbc25357e64bccdffe98b7dce439adb2a5acfbfca378af06e54ce44fa98b4dd6e71fc9733e9',4,3,'MyApp','[]',0,'2021-10-13 04:10:41','2021-10-13 04:10:41','2022-10-13 03:10:41'),
('e6edec2628f22def4594e2abfd40e56c4b8a5961d1f46c0490eb6aed3a4912223e7197bee3e19854',36,3,'MyApp','[]',0,'2021-09-22 11:53:11','2021-09-22 11:53:11','2022-09-22 10:53:11'),
('e71b4cc8c2b6ea4e80102b9a553f4245f11ae3a488524beca8442dee949a8f14b70d9dd960d7e99c',1,3,'MyApp','[]',0,'2021-02-16 11:10:20','2021-02-16 11:10:20','2022-02-16 09:10:20'),
('e71f5828a28e67727bef4f322781ba617a7d53cbbe44ecdd92f0277a2ebca7aadec325eab2923990',12,1,'MyApp','[]',0,'2021-02-02 18:18:24','2021-02-02 18:18:24','2022-02-02 16:18:24'),
('e79e27ade88051ace517ec394b7285b86ad807d1ac7764763299db9392b203b290924e4f1a58abac',14,1,'MyApp','[]',0,'2021-02-06 08:33:41','2021-02-06 08:33:41','2022-02-06 06:33:41'),
('e8a0bffa3106dbb3d3ad7f7f1d391359e5eb08d7125cf7d0f5fa5e8aabdfed748366380d00550139',20,1,'MyApp','[]',0,'2021-02-05 17:22:45','2021-02-05 17:22:45','2022-02-05 15:22:45'),
('ea2560e0f8f3a980ca800aa78ceb10cf86343c60f9955bcac87c06ed122bf77244e8610f8ba0afe9',1,3,'MyApp','[]',0,'2021-06-02 22:44:54','2021-06-02 22:44:54','2022-06-02 21:44:54'),
('ea54fc9dd3403988f937e2e9574da218649c4e6e6af9989f4d3bad42d3394c9a3fe990d2f308ebd2',1,1,NULL,'[]',0,'2021-02-11 16:41:25','2021-02-11 16:41:25','2022-02-11 14:41:25'),
('ead21ef704cbf303d2953fa6b12e107a828f1692111ddfd885cca9d8d7e91c73d88e61a3559882f0',12,3,'MyApp','[]',0,'2021-06-02 14:33:05','2021-06-02 14:33:05','2022-06-02 13:33:05'),
('eaf64c901059f651c13fd09330f632a9666b4d5b3de0f1c579cba0d042016fb001aa7f0c8a2fa5a3',1,3,'MyApp','[]',0,'2021-06-02 21:44:36','2021-06-02 21:44:36','2022-06-02 20:44:36'),
('eb5b2db0d04fc82682b20a672e193e5c9a200f44881849b71f3d63be1bd7ee0a825dacbdad04541c',1,3,'MyApp','[]',0,'2021-02-11 20:11:17','2021-02-11 20:11:17','2022-02-11 18:11:17'),
('ebb64a878dfd1cba7df5df76da215330b974e0ac986ba925b6170d487255c0cd419b679030eb1abe',4,3,'MyApp','[]',0,'2021-08-29 19:53:23','2021-08-29 19:53:23','2022-08-29 18:53:23'),
('ebb6e11a9d15aac106c9c548e4935de1ebcb0166efc2e4db1ede8345414b4664776898b6683fef69',36,3,'MyApp','[]',0,'2021-09-30 21:21:01','2021-09-30 21:21:01','2022-09-30 20:21:01'),
('edff4c05407bd85c9830a0af349a6441b455dd7bf440251e2fdaf045671eeb29adb8fa869e119e5d',4,3,'MyApp','[]',0,'2021-06-16 11:15:15','2021-06-16 11:15:15','2022-06-16 10:15:15'),
('eeb24e101d3987c169701a9abe526ce6bce55d2b5f4b5130cbcc950cc0e10e3a49604d19f575718a',12,1,'MyApp','[]',0,'2021-02-02 11:51:37','2021-02-02 11:51:37','2022-02-02 09:51:37'),
('eeca8e892fd0f44c82cc324e8b11ee361c6cd16fe98994dc7a11db420c3bde4a6c72350795fe2a98',33,3,'MyApp','[]',0,'2021-09-02 19:45:22','2021-09-02 19:45:22','2022-09-02 18:45:22'),
('eefe38cacd8525c2ad43b8cddb51085c2a6a987f3899fc22f4fd65d4c06354ffe9b31c8e5b468dc5',26,3,'MyApp','[]',0,'2021-02-16 11:25:08','2021-02-16 11:25:08','2022-02-16 09:25:08'),
('f2a11360bee77036c9b2db18a2bf3c8d95d458b621623827cfb4e744ab60152b3eff7d34ec02e261',1,1,'MyApp','[]',0,'2021-02-04 03:58:33','2021-02-04 03:58:33','2022-02-04 01:58:33'),
('f2c40214c043f63a33d25b699d090df9120d1c93f0d9a85ed025cb3ac2280d983fd67e08bdef7aa6',4,3,'MyApp','[]',0,'2021-10-14 18:04:21','2021-10-14 18:04:21','2022-10-14 17:04:21'),
('f38d8e64b24a08ab24c9cb5e9b6739bbb2f5250f26977f2832fd2c8a379d44dc1b7c26c2432caf02',12,3,'MyApp','[]',0,'2021-06-22 23:05:34','2021-06-22 23:05:34','2022-06-22 22:05:34'),
('f47dd9c379556105fc51de73aadf0858d99d60bdb60b7416c270829e840a9bc9c8fc7c00b8c79f99',1,3,'MyApp','[]',0,'2021-06-20 15:56:27','2021-06-20 15:56:27','2022-06-20 14:56:27'),
('f5c88f5db1cf025cb7e84e3214549e2f69eb6954fdad4bf3c89a8303f8c7114e9d72311e54b25f63',1,1,'MyApp','[]',0,'2020-12-17 19:21:51','2020-12-17 19:21:51','2021-12-18 09:21:51'),
('f64d90c48a8475c12a12aa64664549797490eb2f36b9027b43e76c51e3b54a940cb3acabd6eef87b',36,3,'MyApp','[]',0,'2021-09-22 11:45:46','2021-09-22 11:45:46','2022-09-22 10:45:46'),
('f6711ea0c05dea61c47cafb6a2f8a6f7a75663be8b9dc623874ced19c4dfbd0da5d5e93c83786068',12,3,'MyApp','[]',0,'2021-06-02 14:46:42','2021-06-02 14:46:42','2022-06-02 13:46:42'),
('f899ca189a5243e828a0a1a6deedfa9cc41078cf84b4dfe265c3b12468679d3efffbab04b43cf9ae',33,3,'MyApp','[]',0,'2021-06-16 04:10:11','2021-06-16 04:10:11','2022-06-16 03:10:11'),
('f89bf2bd17936d2e2114d00a757c7905ad95a0e70aea46c99c06acb20f0bcd238bed68063a382ab4',1,3,'MyApp','[]',0,'2021-06-02 21:58:29','2021-06-02 21:58:29','2022-06-02 20:58:29'),
('f8b5994aa366347bd8b8b6cf4afc058c618eb5ea1623972aba4a5cbc3edbfcba5c4bc1acc7d77283',1,3,'MyApp','[]',0,'2021-06-02 22:07:00','2021-06-02 22:07:00','2022-06-02 21:07:00'),
('f8f737514b4fa94015f0d806b3294bcbdd28b5a5c689fc042e0fa72bc519830bb48da51dc8221864',3,1,'MyApp','[]',0,'2020-12-14 09:20:36','2020-12-14 09:20:36','2021-12-14 07:20:36'),
('f9df35a5dfb9d281376279338d37478a4c44dcb5d3928862b3f9082d53c8a716e9d208a2b6f89f3f',3,1,'MyApp','[]',0,'2021-02-06 08:46:25','2021-02-06 08:46:25','2022-02-06 06:46:25'),
('fbb150e7d20bd94e7d730fb20e1510ef52875757d537617c901acd1c0aa01311fd30afae93e3b76d',3,3,'MyApp','[]',0,'2021-06-02 22:48:20','2021-06-02 22:48:20','2022-06-02 21:48:20'),
('fc363544a6bc5183036b8733af7b4cef445f6184dae098e9f61792fcd8abc4d58c18cbac4318530e',1,1,'MyApp','[]',0,'2021-02-02 09:19:14','2021-02-02 09:19:14','2022-02-02 07:19:14'),
('fce514d77b51b81035428666219d65d200da663571bde4b19ada21039a427b91fb805f4774c208b5',15,3,'MyApp','[]',0,'2021-07-30 20:28:46','2021-07-30 20:28:46','2022-07-30 19:28:46'),
('fd9bccc07d79e02814b55c5094940655a9ccaa4d6a6b5c6bf38e2e646d7d055040a07dac82ce7728',4,3,'MyApp','[]',0,'2021-10-15 19:51:29','2021-10-15 19:51:29','2022-10-15 18:51:29'),
('ff0b03759f4400295dd99a6dec0d72558daf4a83d93364e964f0505a098a19aa93e72274a6875753',33,3,'MyApp','[]',0,'2021-09-02 19:47:02','2021-09-02 19:47:02','2022-09-02 18:47:02');

/*Table structure for table `oauth_auth_codes` */

DROP TABLE IF EXISTS `oauth_auth_codes`;

CREATE TABLE `oauth_auth_codes` (
  `id` varchar(100) COLLATE utf8mb4_unicode_ci NOT NULL,
  `user_id` bigint(20) NOT NULL,
  `client_id` int(10) unsigned NOT NULL,
  `scopes` text COLLATE utf8mb4_unicode_ci DEFAULT NULL,
  `revoked` tinyint(1) NOT NULL,
  `expires_at` datetime DEFAULT NULL,
  PRIMARY KEY (`id`)
) ENGINE=InnoDB DEFAULT CHARSET=utf8mb4 COLLATE=utf8mb4_unicode_ci;

/*Data for the table `oauth_auth_codes` */

/*Table structure for table `oauth_clients` */

DROP TABLE IF EXISTS `oauth_clients`;

CREATE TABLE `oauth_clients` (
  `id` int(10) unsigned NOT NULL AUTO_INCREMENT,
  `user_id` bigint(20) DEFAULT NULL,
  `name` varchar(191) COLLATE utf8mb4_unicode_ci NOT NULL,
  `secret` varchar(100) COLLATE utf8mb4_unicode_ci NOT NULL,
  `redirect` text COLLATE utf8mb4_unicode_ci NOT NULL,
  `personal_access_client` tinyint(1) NOT NULL,
  `password_client` tinyint(1) NOT NULL,
  `revoked` tinyint(1) NOT NULL,
  `created_at` timestamp NULL DEFAULT NULL,
  `updated_at` timestamp NULL DEFAULT NULL,
  PRIMARY KEY (`id`),
  KEY `oauth_clients_user_id_index` (`user_id`)
) ENGINE=InnoDB AUTO_INCREMENT=5 DEFAULT CHARSET=utf8mb4 COLLATE=utf8mb4_unicode_ci;

/*Data for the table `oauth_clients` */

insert  into `oauth_clients`(`id`,`user_id`,`name`,`secret`,`redirect`,`personal_access_client`,`password_client`,`revoked`,`created_at`,`updated_at`) values 
(1,NULL,'Laravel Personal Access Client','p4vwU1bM2HRyTtHipyz8tvFu7WmC7D334Psmt4pN','http://localhost',1,0,0,'2020-12-03 20:23:36','2020-12-03 20:23:36'),
(2,NULL,'Laravel Password Grant Client','cwFd4rdWpJX9Zt3DgNTc7Xffw8rHVS16a5eIejaD','http://localhost',0,1,0,'2020-12-03 20:23:37','2020-12-03 20:23:37'),
(3,NULL,'UKCOURIER Personal Access Client','ZSxBORd8EBpAYDGNIHgjRR4tq25Wz3YCHzWsJCXp','http://localhost',1,0,0,'2021-02-11 16:43:05','2021-02-11 16:43:05'),
(4,NULL,'UKCOURIER Password Grant Client','7lzzFe5F1LW0obaZdGKvD2yYxfc3nikOArzMBUBg','http://localhost',0,1,0,'2021-02-11 16:43:05','2021-02-11 16:43:05');

/*Table structure for table `oauth_personal_access_clients` */

DROP TABLE IF EXISTS `oauth_personal_access_clients`;

CREATE TABLE `oauth_personal_access_clients` (
  `id` int(10) unsigned NOT NULL AUTO_INCREMENT,
  `client_id` int(10) unsigned NOT NULL,
  `created_at` timestamp NULL DEFAULT NULL,
  `updated_at` timestamp NULL DEFAULT NULL,
  PRIMARY KEY (`id`),
  KEY `oauth_personal_access_clients_client_id_index` (`client_id`)
) ENGINE=InnoDB AUTO_INCREMENT=3 DEFAULT CHARSET=utf8mb4 COLLATE=utf8mb4_unicode_ci;

/*Data for the table `oauth_personal_access_clients` */

insert  into `oauth_personal_access_clients`(`id`,`client_id`,`created_at`,`updated_at`) values 
(1,1,'2020-12-03 20:23:37','2020-12-03 20:23:37'),
(2,3,'2021-02-11 16:43:05','2021-02-11 16:43:05');

/*Table structure for table `oauth_refresh_tokens` */

DROP TABLE IF EXISTS `oauth_refresh_tokens`;

CREATE TABLE `oauth_refresh_tokens` (
  `id` varchar(100) COLLATE utf8mb4_unicode_ci NOT NULL,
  `access_token_id` varchar(100) COLLATE utf8mb4_unicode_ci NOT NULL,
  `revoked` tinyint(1) NOT NULL,
  `expires_at` datetime DEFAULT NULL,
  PRIMARY KEY (`id`),
  KEY `oauth_refresh_tokens_access_token_id_index` (`access_token_id`)
) ENGINE=InnoDB DEFAULT CHARSET=utf8mb4 COLLATE=utf8mb4_unicode_ci;

/*Data for the table `oauth_refresh_tokens` */

/*Table structure for table `password_resets` */

DROP TABLE IF EXISTS `password_resets`;

CREATE TABLE `password_resets` (
  `email` varchar(191) COLLATE utf8mb4_unicode_ci NOT NULL,
  `token` varchar(191) COLLATE utf8mb4_unicode_ci NOT NULL,
  `created_at` timestamp NOT NULL DEFAULT current_timestamp(),
  KEY `password_resets_email_index` (`email`)
) ENGINE=InnoDB DEFAULT CHARSET=utf8mb4 COLLATE=utf8mb4_unicode_ci;

/*Data for the table `password_resets` */

/*Table structure for table `periods` */

DROP TABLE IF EXISTS `periods`;

CREATE TABLE `periods` (
  `id` int(10) unsigned NOT NULL AUTO_INCREMENT,
  `billingYear` varchar(4) COLLATE utf8mb4_unicode_ci NOT NULL,
  `firstTransactionDate` varchar(15) COLLATE utf8mb4_unicode_ci NOT NULL,
  `lastTransactionDate` varchar(15) COLLATE utf8mb4_unicode_ci NOT NULL,
  `previousCutOffDate` varchar(31) COLLATE utf8mb4_unicode_ci NOT NULL,
  `cutOffDate` varchar(31) COLLATE utf8mb4_unicode_ci NOT NULL,
  `duration` varchar(63) COLLATE utf8mb4_unicode_ci NOT NULL,
  `created_at` timestamp NULL DEFAULT NULL,
  `updated_at` timestamp NULL DEFAULT NULL,
  PRIMARY KEY (`id`)
) ENGINE=InnoDB AUTO_INCREMENT=521 DEFAULT CHARSET=utf8mb4 COLLATE=utf8mb4_unicode_ci;

/*Data for the table `periods` */

insert  into `periods`(`id`,`billingYear`,`firstTransactionDate`,`lastTransactionDate`,`previousCutOffDate`,`cutOffDate`,`duration`,`created_at`,`updated_at`) values 
(508,'2021','2020-12-14','2021-01-10','2020-12-15 12:00:00','2021-01-12 12:00:00','2020-12-14 ~ 2021-01-10',NULL,NULL),
(509,'2021','2021-01-11','2021-02-07','2021-01-12 12:00:00','2021-02-09 12:00:00','2021-01-11 ~ 2021-02-07',NULL,NULL),
(510,'2021','2021-02-08','2021-03-07','2021-02-09 12:00:00','2021-03-09 12:00:00','2021-02-08 ~ 2021-03-07',NULL,NULL),
(511,'2021','2021-03-08','2021-04-04','2021-03-09 12:00:00','2021-04-06 17:00:00','2021-03-08 ~ 2021-04-04',NULL,NULL),
(512,'2021','2021-04-05','2021-05-02','2021-04-06 17:00:00','2021-05-04 17:00:00','2021-04-05 ~ 2021-05-02',NULL,NULL),
(513,'2021','2021-05-03','2021-05-30','2021-05-04 17:00:00','2021-06-01 17:00:00','2021-05-03 ~ 2021-05-30',NULL,NULL),
(514,'2021','2021-05-31','2021-06-27','2021-06-01 17:00:00','2021-06-29 12:00:00','2021-05-31 ~ 2021-06-27',NULL,NULL),
(515,'2021','2021-06-28','2021-07-25','2021-06-29 12:00:00','2021-07-27 12:00:00','2021-06-28 ~ 2021-07-25',NULL,NULL),
(516,'2021','2021-07-26','2021-08-22','2021-07-27 12:00:00','2021-08-24 12:00:00','2021-07-26 ~ 2021-08-22',NULL,NULL),
(517,'2021','2021-08-23','2021-09-19','2021-08-24 12:00:00','2021-09-21 12:00:00','2021-08-23 ~ 2021-09-19',NULL,NULL),
(518,'2021','2021-09-20','2021-10-17','2021-09-21 12:00:00','2021-10-19 12:00:00','2021-09-20 ~ 2021-10-17',NULL,NULL),
(519,'2021','2021-10-18','2021-11-14','2021-10-19 12:00:00','2021-11-16 12:00:00','2021-10-18 ~ 2021-11-14',NULL,NULL),
(520,'2021','2021-11-15','2021-12-12','2021-11-16 12:00:00','2021-12-14 12:00:00','2021-11-15 ~ 2021-12-12',NULL,NULL);

/*Table structure for table `reports` */

DROP TABLE IF EXISTS `reports`;

CREATE TABLE `reports` (
  `id` int(10) unsigned NOT NULL AUTO_INCREMENT,
  `user_id` int(10) unsigned NOT NULL,
  `driver_id` int(10) unsigned NOT NULL,
  `route_id` int(10) unsigned NOT NULL,
  `stops` varchar(10) COLLATE utf8mb4_unicode_ci DEFAULT NULL,
  `payment` varchar(191) COLLATE utf8mb4_unicode_ci DEFAULT NULL,
  `current_paytype` varchar(15) COLLATE utf8mb4_unicode_ci NOT NULL DEFAULT 'fixed',
  `report_title` varchar(191) COLLATE utf8mb4_unicode_ci NOT NULL,
  `report_date` varchar(191) COLLATE utf8mb4_unicode_ci NOT NULL,
  `report_no` varchar(191) COLLATE utf8mb4_unicode_ci NOT NULL,
  `comments` varchar(191) COLLATE utf8mb4_unicode_ci DEFAULT NULL,
  `is_group` tinyint(1) NOT NULL DEFAULT 0,
  `created_at` timestamp NOT NULL DEFAULT current_timestamp(),
  PRIMARY KEY (`id`),
  KEY `reports_user_id_foreign` (`user_id`),
  CONSTRAINT `reports_user_id_foreign` FOREIGN KEY (`user_id`) REFERENCES `users` (`id`) ON DELETE CASCADE
) ENGINE=InnoDB AUTO_INCREMENT=269 DEFAULT CHARSET=utf8mb4 COLLATE=utf8mb4_unicode_ci;

/*Data for the table `reports` */

insert  into `reports`(`id`,`user_id`,`driver_id`,`route_id`,`stops`,`payment`,`current_paytype`,`report_title`,`report_date`,`report_no`,`comments`,`is_group`,`created_at`) values 
(130,3,12,15,NULL,'4','','','2020-12-14','2020-12-14-2',NULL,0,'2020-12-14 13:08:26'),
(131,3,13,15,NULL,'5','','','2020-12-14','2020-12-14-3',NULL,0,'2020-12-14 13:08:39'),
(132,3,14,17,NULL,'5','','','2020-12-14','2020-12-14-4',NULL,0,'2020-12-14 13:08:53'),
(133,3,15,15,NULL,'34','','','2020-12-14','2020-12-14-5',NULL,0,'2020-12-14 13:09:38'),
(134,3,14,15,NULL,'3','','','2020-12-14','2020-12-14-6',NULL,0,'2020-12-14 13:09:54'),
(135,3,12,16,NULL,'2','','','2020-12-14','2020-12-14-7',NULL,0,'2020-12-14 13:10:20'),
(136,3,12,17,NULL,'5','','','2020-12-14','2020-12-14-8',NULL,0,'2020-12-14 13:11:16'),
(137,3,16,16,NULL,'4','','','2020-12-14','2020-12-14-9',NULL,0,'2020-12-14 13:11:48'),
(138,3,17,16,NULL,'6','','','2020-12-14','2020-12-14-10',NULL,0,'2020-12-14 13:12:03'),
(139,3,12,15,NULL,'6','','','2020-12-14','2020-12-14-11',NULL,0,'2020-12-14 13:12:28'),
(142,3,12,12,NULL,'4','','','2020-12-16','2020-12-16-1',NULL,1,'2020-12-16 12:59:09'),
(143,3,13,13,NULL,'3','','','2020-12-16','2020-12-16-1',NULL,1,'2020-12-16 12:59:09'),
(144,3,14,14,NULL,'3','','','2020-12-16','2020-12-16-1',NULL,1,'2020-12-16 12:59:10'),
(145,3,15,21,NULL,'4','','','2020-12-16','2020-12-16-1',NULL,1,'2020-12-16 12:59:10'),
(146,1,12,15,NULL,'5','','','2020-12-17','2020-12-17-1',NULL,0,'2020-12-17 08:03:06'),
(147,1,12,16,NULL,'6','','','2020-12-17','2020-12-17-2',NULL,0,'2020-12-17 09:02:19'),
(148,1,13,17,NULL,'','','','2020-12-17','2020-12-17-3',NULL,0,'2020-12-17 09:05:21'),
(155,1,14,16,NULL,'','','','2020-12-17','2020-12-17-4',NULL,0,'2020-12-17 09:25:10'),
(156,1,13,16,NULL,'','','','2020-12-17','2020-12-17-5',NULL,0,'2020-12-17 09:27:22'),
(158,1,13,16,NULL,'','','','2020-12-17','2020-12-17-7',NULL,0,'2020-12-17 12:13:32'),
(159,1,12,20,NULL,'','','','2020-12-17','2020-12-17-8',NULL,0,'2020-12-17 12:14:36'),
(160,1,12,15,NULL,'','','','2020-12-17','2020-12-17-9',NULL,0,'2020-12-17 12:15:37'),
(161,1,12,16,NULL,'','','','2020-12-17','2020-12-17-10',NULL,0,'2020-12-17 12:30:00'),
(162,1,12,15,NULL,'5','','','2020-12-19','2020-12-19-1',NULL,0,'2020-12-18 09:50:18'),
(163,1,14,16,NULL,'5','','','2020-12-18','2020-12-18-2',NULL,0,'2020-12-18 09:54:00'),
(164,1,13,16,NULL,'4','','','2020-12-18','2020-12-18-3',NULL,0,'2020-12-18 09:54:59'),
(165,1,14,16,NULL,'3','','','2020-12-18','2020-12-18-4',NULL,0,'2020-12-18 09:55:56'),
(166,1,12,12,NULL,'2','','','2020-12-18','2020-12-18-5',NULL,1,'2020-12-18 12:44:15'),
(167,1,12,15,NULL,'3','','','2020-12-18','2020-12-18-6',NULL,0,'2020-12-18 12:56:00'),
(169,1,14,15,NULL,'4','','','2020-12-18','2020-12-18-8',NULL,0,'2020-12-18 12:58:52'),
(170,1,12,15,NULL,'5','','','2020-12-18','2020-12-18-9',NULL,0,'2020-12-18 13:00:51'),
(171,1,13,16,NULL,'6','','','2020-12-18','2020-12-18-10',NULL,0,'2020-12-18 13:01:03'),
(172,1,12,16,NULL,'5','','','2020-12-18','2020-12-18-11',NULL,0,'2020-12-18 13:02:30'),
(173,1,12,16,NULL,'7','','','2020-12-18','2020-12-18-12',NULL,0,'2020-12-18 13:02:55'),
(174,1,13,16,NULL,'65','','','2020-12-18','2020-12-18-16',NULL,0,'2020-12-18 13:03:09'),
(175,1,12,15,NULL,'','','','2020-12-18','2020-12-18-14',NULL,0,'2020-12-18 13:19:08'),
(176,1,13,17,NULL,'','','','2020-12-18','2020-12-18-15',NULL,0,'2020-12-18 13:19:15'),
(177,1,13,20,NULL,'','','','2020-12-18','2020-12-18-16',NULL,0,'2020-12-18 13:19:22'),
(178,1,15,17,NULL,'','','','2020-12-18','2020-12-18-17',NULL,0,'2020-12-18 13:19:29'),
(184,1,12,12,NULL,'4','','','2020-12-22','2020-12-22-1',NULL,1,'2020-12-21 13:00:29'),
(185,1,13,13,NULL,'4','','','2020-12-22','2020-12-22-1',NULL,1,'2020-12-21 13:00:29'),
(186,1,14,14,NULL,'3','','','2020-12-22','2020-12-22-1',NULL,1,'2020-12-21 13:00:29'),
(187,1,22,21,NULL,'2','','','2020-12-22','2020-12-22-1',NULL,1,'2020-12-21 13:00:29'),
(188,1,22,12,NULL,'5','','','2020-12-23','2020-12-23-1',NULL,1,'2020-12-21 13:23:15'),
(189,1,22,13,NULL,'4','','','2020-12-23','2020-12-23-1',NULL,1,'2020-12-21 13:23:15'),
(190,1,13,14,NULL,'3','','','2020-12-23','2020-12-23-1',NULL,1,'2020-12-21 13:23:15'),
(191,1,14,21,NULL,'5','','','2020-12-23','2020-12-23-1',NULL,1,'2020-12-21 13:23:16'),
(192,1,12,16,NULL,'6','','','2020-12-23','2020-12-23-4',NULL,0,'2020-12-21 14:27:45'),
(193,1,13,17,NULL,'4','','','2020-12-21','2020-12-21-1',NULL,0,'2020-12-21 14:28:02'),
(194,1,15,20,NULL,'7','','','2020-12-23','2020-12-23-3',NULL,0,'2020-12-21 14:28:13'),
(195,1,13,15,NULL,'5','','','2020-12-23','2020-12-23-5',NULL,0,'2020-12-21 14:36:18'),
(200,4,32,26,NULL,'1','','','2021-06-16','2021-06-16-4',NULL,1,'2021-06-16 03:39:46'),
(201,15,32,26,NULL,'2','','','2021-06-16','2021-06-16-5',NULL,1,'2021-06-16 03:40:57'),
(202,15,34,27,NULL,'200','','','2021-06-16','2021-06-16-8',NULL,0,'2021-06-16 03:41:53'),
(206,4,36,20,NULL,NULL,'','','2021-06-16','2021-06-16-7',NULL,0,'2021-07-27 07:38:22'),
(207,4,15,19,NULL,NULL,'','','2021-07-28','2021-07-28-3',NULL,1,'2021-07-30 09:54:57'),
(208,4,32,21,NULL,NULL,'','','2021-07-28','2021-07-28-3',NULL,1,'2021-07-30 09:54:57'),
(213,4,36,26,NULL,'7','','','2021-07-27','2021-07-27-4',NULL,1,'2021-07-30 10:53:42'),
(221,15,36,19,NULL,NULL,'','','2021-07-30','2021-07-30-3',NULL,1,'2021-07-30 12:33:42'),
(222,15,34,21,NULL,NULL,'','','2021-07-30','2021-07-30-3',NULL,1,'2021-07-30 12:33:42'),
(223,15,35,26,NULL,NULL,'','','2021-07-30','2021-07-30-3',NULL,1,'2021-07-30 12:33:42'),
(224,4,34,26,NULL,'200','','','2021-07-30','2021-07-30-4',NULL,1,'2021-08-03 15:32:05'),
(234,15,37,26,NULL,'111','','','2021-08-05','2021-08-05-1',NULL,1,'2021-08-05 01:41:37'),
(235,15,38,28,NULL,'222','','','2021-08-05','2021-08-05-1',NULL,1,'2021-08-05 01:41:37'),
(236,15,39,29,NULL,'333','','','2021-08-05','2021-08-05-1',NULL,1,'2021-08-05 01:41:37'),
(237,15,36,30,NULL,'100','','','2021-08-05','2021-08-05-1',NULL,1,'2021-08-05 01:41:37'),
(244,4,15,26,NULL,'333','','','2021-10-08','2021-10-08-1','asdfasdfasdf',1,'2021-10-08 13:00:12'),
(245,4,36,35,NULL,'100','','','2021-10-08','2021-10-08-1','asdfasdfasdf',1,'2021-10-08 13:00:12'),
(247,4,15,27,NULL,'333','','','2021-10-08','2021-10-08-4','ccccccccccccccccwqweqwe',0,'2021-10-08 13:02:35'),
(248,4,15,26,'2','333','','','2021-10-09','2021-10-09-1','sdfsdfsdfsdf',1,'2021-10-09 07:08:20'),
(249,4,41,35,'3','5555','','','2021-10-09','2021-10-09-1','sdfsdfsdfsdf',1,'2021-10-09 07:08:20'),
(250,4,41,26,'4','5555','','','2021-10-12','2021-10-12-1',NULL,1,'2021-10-12 20:07:05'),
(251,4,36,35,'5','100','','','2021-10-12','2021-10-12-1',NULL,1,'2021-10-12 20:07:05'),
(252,4,41,27,NULL,'5555','','','2021-10-12','2021-10-12-2','yyyyyyyyyyyyyyyyyyyyyy',0,'2021-10-12 20:07:34'),
(257,4,15,27,NULL,'333','','','2021-10-14','2021-10-14-1','sdfsdfsdfsdf',0,'2021-10-14 12:28:13'),
(258,4,15,27,NULL,'333','','','2021-10-14','2021-10-14-2','sdfs',0,'2021-10-14 13:42:39'),
(259,4,15,27,NULL,'333','','','2021-10-12','2021-10-12-3','sss',0,'2021-10-14 13:42:50'),
(260,4,41,27,NULL,'5555','per_stop','','2021-10-15','2021-10-15-2','asdf',0,'2021-10-15 11:45:14'),
(261,4,36,26,'33','100','per_stop','','2021-10-15','2021-10-15-3',NULL,1,'2021-10-15 11:45:59'),
(262,4,41,35,'555','5555','per_stop','','2021-10-15','2021-10-15-3',NULL,1,'2021-10-15 11:45:59'),
(266,4,45,26,NULL,'666.00','per_stop','','2021-11-13','2021-11-13-1',NULL,1,'2021-11-13 03:09:26'),
(267,4,32,35,NULL,NULL,'fixed','','2021-11-13','2021-11-13-1',NULL,1,'2021-11-13 03:09:27'),
(268,4,15,27,NULL,'333','fixed','','2021-11-13','2021-11-13-2','dddd',0,'2021-11-13 03:10:08');

/*Table structure for table `routes` */

DROP TABLE IF EXISTS `routes`;

CREATE TABLE `routes` (
  `id` int(10) unsigned NOT NULL AUTO_INCREMENT,
  `user_id` int(10) unsigned NOT NULL,
  `route_number` varchar(191) COLLATE utf8mb4_unicode_ci NOT NULL,
  `deleted_date` varchar(191) COLLATE utf8mb4_unicode_ci DEFAULT NULL,
  `route_type` tinyint(4) DEFAULT 0,
  `created_at` timestamp NULL DEFAULT NULL,
  `updated_at` timestamp NULL DEFAULT NULL,
  PRIMARY KEY (`id`)
) ENGINE=InnoDB AUTO_INCREMENT=37 DEFAULT CHARSET=utf8mb4 COLLATE=utf8mb4_unicode_ci;

/*Data for the table `routes` */

insert  into `routes`(`id`,`user_id`,`route_number`,`deleted_date`,`route_type`,`created_at`,`updated_at`) values 
(12,3,'rt1',NULL,0,'2020-12-14 21:05:40','2020-12-14 21:05:40'),
(13,3,'rt2',NULL,0,'2020-12-14 21:05:45','2020-12-14 21:05:45'),
(14,3,'rt3',NULL,0,'2020-12-14 21:05:53','2020-12-14 21:05:53'),
(15,3,'et1','',1,'2020-12-14 21:06:04','2020-12-17 04:44:42'),
(16,3,'et2',NULL,1,'2020-12-14 21:06:08','2020-12-14 21:06:08'),
(17,3,'et3',NULL,1,'2020-12-14 21:06:14','2020-12-14 21:06:14'),
(18,3,'et4',NULL,NULL,'2020-12-14 21:06:31','2020-12-14 21:06:31'),
(19,15,'testroute2','2021-08-04 12:43:56',0,'2020-12-15 21:37:18','2021-08-04 01:43:56'),
(20,15,'testroute1','2021-08-04 12:43:54',1,'2020-12-15 21:37:25','2021-08-04 01:43:54'),
(21,15,'testroute3','2021-08-04 12:43:59',0,'2020-12-15 21:37:41','2021-08-04 01:43:59'),
(22,1,'ddddddd',NULL,0,'2020-12-17 04:41:17','2020-12-17 04:44:27'),
(23,1,'777','',0,'2020-12-17 14:37:55','2020-12-20 19:21:45'),
(26,4,'aaa','',0,'2021-06-16 08:18:42','2021-08-21 16:41:54'),
(27,4,'bbb','',1,'2021-06-16 08:18:54','2021-07-27 16:26:08'),
(28,15,'dailyroute1',NULL,0,'2021-08-04 01:40:52','2021-08-04 01:41:52'),
(29,15,'dailyroute2',NULL,0,'2021-08-04 01:41:57','2021-08-04 01:41:57'),
(30,15,'dailyroute3','2021-08-11 02:16:58',0,'2021-08-04 01:42:02','2021-08-11 15:16:58'),
(31,15,'extraroute1',NULL,1,'2021-08-04 01:42:09','2021-08-04 01:42:09'),
(32,15,'extraroute2',NULL,1,'2021-08-04 01:42:15','2021-08-04 01:42:15'),
(33,1,'luckyroute1',NULL,0,'2021-09-17 15:58:35','2021-09-17 15:58:35'),
(34,1,'luckyroute2',NULL,1,'2021-09-17 15:58:46','2021-09-17 15:58:46'),
(35,4,'route1',NULL,0,'2021-09-17 16:58:53','2021-09-17 16:58:53'),
(36,4,'sssss',NULL,0,'2021-11-13 09:12:33','2021-11-13 09:12:33');

/*Table structure for table `security_questions` */

DROP TABLE IF EXISTS `security_questions`;

CREATE TABLE `security_questions` (
  `id` int(10) unsigned NOT NULL AUTO_INCREMENT,
  `question` varchar(191) COLLATE utf8mb4_unicode_ci NOT NULL,
  `created_at` timestamp NULL DEFAULT NULL,
  `updated_at` timestamp NULL DEFAULT NULL,
  `deleted_at` timestamp NULL DEFAULT NULL,
  PRIMARY KEY (`id`)
) ENGINE=InnoDB DEFAULT CHARSET=utf8mb4 COLLATE=utf8mb4_unicode_ci;

/*Data for the table `security_questions` */

/*Table structure for table `users` */

DROP TABLE IF EXISTS `users`;

CREATE TABLE `users` (
  `id` int(10) unsigned NOT NULL AUTO_INCREMENT,
  `name` varchar(191) COLLATE utf8mb4_unicode_ci NOT NULL,
  `email` varchar(191) COLLATE utf8mb4_unicode_ci NOT NULL,
  `email_verified_at` timestamp NULL DEFAULT NULL,
  `phone` varchar(191) COLLATE utf8mb4_unicode_ci NOT NULL,
  `password` varchar(191) COLLATE utf8mb4_unicode_ci NOT NULL,
  `full_name` varchar(191) COLLATE utf8mb4_unicode_ci DEFAULT NULL,
  `depot_location` varchar(191) COLLATE utf8mb4_unicode_ci DEFAULT NULL,
  `belongs` varchar(191) COLLATE utf8mb4_unicode_ci DEFAULT NULL,
  `country` varchar(191) COLLATE utf8mb4_unicode_ci DEFAULT NULL,
  `address` varchar(191) COLLATE utf8mb4_unicode_ci DEFAULT NULL,
  `zipcode` varchar(191) COLLATE utf8mb4_unicode_ci DEFAULT NULL,
  `subcontractor` varchar(10) COLLATE utf8mb4_unicode_ci DEFAULT 'Regular',
  `user_type` tinyint(1) NOT NULL DEFAULT 1,
  `is_active` tinyint(1) NOT NULL DEFAULT 0,
  `parent_id` int(10) unsigned DEFAULT NULL,
  `user_roles` varchar(191) COLLATE utf8mb4_unicode_ci DEFAULT NULL,
  `remember_token` varchar(100) COLLATE utf8mb4_unicode_ci DEFAULT NULL,
  `created_at` timestamp NULL DEFAULT NULL,
  `updated_at` timestamp NULL DEFAULT NULL,
  `deleted_at` timestamp NULL DEFAULT NULL,
  PRIMARY KEY (`id`),
  UNIQUE KEY `users_email_unique` (`email`)
) ENGINE=InnoDB AUTO_INCREMENT=45 DEFAULT CHARSET=utf8mb4 COLLATE=utf8mb4_unicode_ci;

/*Data for the table `users` */

insert  into `users`(`id`,`name`,`email`,`email_verified_at`,`phone`,`password`,`full_name`,`depot_location`,`belongs`,`country`,`address`,`zipcode`,`subcontractor`,`user_type`,`is_active`,`parent_id`,`user_roles`,`remember_token`,`created_at`,`updated_at`,`deleted_at`) values 
(1,'admin','admin@gmail.com',NULL,'123123123','$2y$10$pdkhpCxl4w3MwhVVfMJ7xerxYkMKTB2V2qdHhWvfR8Su7G4CWRp1S','fashion','1',NULL,NULL,NULL,'aa111',NULL,0,1,NULL,NULL,NULL,'2020-12-03 20:24:19','2021-06-21 08:55:34',NULL),
(3,'fashion','fashion@gmail.com',NULL,'1231231231','$2y$10$pdkhpCxl4w3MwhVVfMJ7xerxYkMKTB2V2qdHhWvfR8Su7G4CWRp1S','test111','2','company1',NULL,NULL,'ww111','Regular',1,1,1,'',NULL,'2020-12-04 16:46:33','2021-01-29 07:14:28',NULL),
(4,'fashion1','fashion1@gmail.com',NULL,'1231231231','$2y$10$0CQZ3KknodGrwxm.c5DIh.GThc1wQ1iCBTGFExy4Bk0jaNw4zWOYS','test',NULL,'company2','sss','ssss1111','ww111','Regular',1,1,1,NULL,NULL,'2020-12-04 16:46:33','2021-09-06 02:33:49',NULL),
(14,'fashion22233','fashion2@gmail.com',NULL,'1231231231','$2y$10$IVBJthkAqhifijA/XKH1k.LEk27woP89EyQFGqkUY1f0/WTeEV4.q','test','6','loc11111',NULL,NULL,'ww111','Regular',1,1,1,'schedules,performance',NULL,'2020-12-04 16:46:33','2021-02-21 16:42:41',NULL),
(15,'fashion3','fashion3@gmail.com',NULL,'1231231231','$2y$10$Fyka9Fh3NZiNlTFqw6195eilJf08UP0sCqjh48TQuIAGbI45ploAu','test','','loc2',NULL,NULL,'ww111','Regular',1,1,4,'schedules,performance,drivers,routes',NULL,'2020-12-04 16:46:33','2021-06-16 09:39:10',NULL),
(20,'test','test@test.com',NULL,'1111111','$2y$10$s/FHESn/7X94Az3A2H.qSeJOpHt/w90F0POGqgbsWpIDmqrklfK3S','test',NULL,'test company',NULL,NULL,'11111','Regular',1,1,1,'',NULL,'2021-02-05 17:22:45','2021-02-05 17:22:45',NULL),
(21,'aaa','a@a.com',NULL,'11','$2y$10$a/xizAHxDVAbg9zkkydmkOIVEj93o0ldZ6uQCPgDq6yvvMgSY6qNS',NULL,NULL,'a22','uk','london','123123','Regular',1,0,1,'',NULL,'2021-02-16 11:02:18','2021-02-16 11:22:32',NULL),
(27,'a','a@aaa.com',NULL,'1231231231','$2y$10$N1QafW9HJLV/Vh4VDwIigekKrc4ckgtGMtym/vUQ4vZMT9VGOfyTy','a',NULL,'a',NULL,NULL,'aa11','Regular',1,1,1,'schedules,performance',NULL,'2021-02-16 11:25:27','2021-02-16 11:29:16',NULL),
(29,'2211','test11@gmail.com',NULL,'222333','$2y$10$lOEUOCMMTXpzcmkkbRt8QOpfaiws1MbkwA8VYT1vInVgffptfDBqK',NULL,NULL,'22','United States','301 South Van Ness Avenue, San Francisco, CA, USA','94102','DPD',1,1,1,'',NULL,'2021-02-20 16:01:20','2021-02-21 16:43:03',NULL),
(30,'ccc','ccc@ccc.com',NULL,'111','$2y$10$tLuoCJcdydSUUd3rvw6TFes2bpZT5JFd54O0BiOFEwONl2psckW/S',NULL,NULL,'ccc',NULL,NULL,NULL,NULL,1,1,1,'schedules,performance,routes',NULL,'2021-02-21 16:46:48','2021-02-21 16:46:48',NULL),
(43,'Sunan Jin','luckystar1995215@gmail.com',NULL,'+11231231234','$2y$10$y483PHn3v3RANzO252KHNuX6ckPMAehRxXHjUciwtZqyFqlRpSA3.',NULL,NULL,'aaa','ddd','967 Twin Brook Dr','95126','Regular',1,1,1,'',NULL,'2021-09-17 09:49:54','2021-09-17 10:10:36',NULL),
(44,'Sunan Jin','luckystar395215@gmail.com',NULL,'+11231231234','$2y$10$jyHOW5voEnhtiXr83fFk3uGkRfAR4sv9BjZVn2nAPePiO2s/0lvcq',NULL,'depot2','dddddd','aa','967 Twin Brook Dr','95126','Regular',1,1,4,'',NULL,'2021-09-17 17:01:46','2021-09-17 17:01:46',NULL);

/*!40101 SET SQL_MODE=@OLD_SQL_MODE */;
/*!40014 SET FOREIGN_KEY_CHECKS=@OLD_FOREIGN_KEY_CHECKS */;
/*!40014 SET UNIQUE_CHECKS=@OLD_UNIQUE_CHECKS */;
/*!40111 SET SQL_NOTES=@OLD_SQL_NOTES */;
